,Link,Title
0,https://blog.naver.com/PostView.naver?blogId=oozt6&logNo=222428098014&parentCategoryNo=&categoryNo=&viewDate=&isShowPopularPosts=false&from=postList,수분패드 토니모리 모찌토너패드
1,https://blog.naver.com/PostView.naver?blogId=oozt6&logNo=222428060702&parentCategoryNo=&categoryNo=&viewDate=&isShowPopularPosts=false&from=postList,간장 새우장 추천 명가진가로 밥 한공기 뚝딱
2,https://blog.naver.com/PostView.naver?blogId=oozt6&logNo=222426582427&parentCategoryNo=&categoryNo=&viewDate=&isShowPopularPosts=false&from=postList,광주 송정리 이조송정 떡갈비
3,https://blog.naver.com/PostView.naver?blogId=oozt6&logNo=222425075897&parentCategoryNo=&categoryNo=&viewDate=&isShowPopularPosts=false&from=postList,아이폰12 하드케이스 navipark 추천해요
4,https://blog.naver.com/PostView.naver?blogId=oozt6&logNo=222423916668&parentCategoryNo=&categoryNo=&viewDate=&isShowPopularPosts=false&from=postList,얇은손목보호대 벨탄 엄지손가락 보호대로 손목테이핑
5,https://blog.naver.com/PostView.naver?blogId=oozt6&logNo=222422009336&parentCategoryNo=&categoryNo=&viewDate=&isShowPopularPosts=false&from=postList,광주 동명동덮밥 왕산에서 외쿡느낌 물씬
6,https://blog.naver.com/PostView.naver?blogId=oozt6&logNo=222421581098&parentCategoryNo=&categoryNo=&viewDate=&isShowPopularPosts=false&from=postList,친환경포장재 다호피앤씨 택배 포장용 에어캡 뽁뽁이 짱 편해요
7,https://blog.naver.com/PostView.naver?blogId=oozt6&logNo=222421550965&parentCategoryNo=&categoryNo=&viewDate=&isShowPopularPosts=false&from=postList,대구 피부관리 받은 보람이 있어요
8,https://blog.naver.com/PostView.naver?blogId=oozt6&logNo=222420325487&parentCategoryNo=&categoryNo=&viewDate=&isShowPopularPosts=false&from=postList,7월 1주 차 일상 기록
9,https://blog.naver.com/PostView.naver?blogId=oozt6&logNo=222419172198&parentCategoryNo=&categoryNo=&viewDate=&isShowPopularPosts=false&from=postList,피를 맑게하는 음식 잘 챙겨먹기
10,https://blog.naver.com/PostView.naver?blogId=oozt6&logNo=222418222169&parentCategoryNo=&categoryNo=&viewDate=&isShowPopularPosts=false&from=postList,올리브영 일본 상품 대체품 아이러버쿨링풋으로 다리마사지 했어요~
11,https://blog.naver.com/PostView.naver?blogId=oozt6&logNo=222418141254&parentCategoryNo=&categoryNo=&viewDate=&isShowPopularPosts=false&from=postList,당뇨에 좋은 차 섭취해보기
12,https://blog.naver.com/PostView.naver?blogId=oozt6&logNo=222415877443&parentCategoryNo=&categoryNo=&viewDate=&isShowPopularPosts=false&from=postList,6월 마지막날 기록해보는 나의 일상
13,https://blog.naver.com/PostView.naver?blogId=oozt6&logNo=222414025985&parentCategoryNo=&categoryNo=&viewDate=&isShowPopularPosts=false&from=postList,"분당 정자동 맛집, 김한정의 격포소곱창 정자점"
14,https://blog.naver.com/PostView.naver?blogId=oozt6&logNo=222413498643&parentCategoryNo=&categoryNo=&viewDate=&isShowPopularPosts=false&from=postList,광주북구꽃집 문흥동 샛터코아 '소담꽃'에서 플라워박스 픽업했어요~
15,https://blog.naver.com/PostView.naver?blogId=oozt6&logNo=222413479013&parentCategoryNo=&categoryNo=&viewDate=&isShowPopularPosts=false&from=postList,콩팥에 좋은 음식 보다 간편하게 챙기는 법
16,https://blog.naver.com/PostView.naver?blogId=oozt6&logNo=222412979056&parentCategoryNo=&categoryNo=&viewDate=&isShowPopularPosts=false&from=postList,부산 화분은 역시 용호동꽃집 몬드트리에서!
17,https://blog.naver.com/PostView.naver?blogId=oozt6&logNo=222412137288&parentCategoryNo=&categoryNo=&viewDate=&isShowPopularPosts=false&from=postList,광주 디저트카페 동구 호야커피로스터리
18,https://blog.naver.com/PostView.naver?blogId=oozt6&logNo=222412052108&parentCategoryNo=&categoryNo=&viewDate=&isShowPopularPosts=false&from=postList,"제습제 추천, 습기제거제 홈트너 '나는 제습제입니다'로 바꿨어요~"
19,https://blog.naver.com/PostView.naver?blogId=oozt6&logNo=222411346944&parentCategoryNo=&categoryNo=&viewDate=&isShowPopularPosts=false&from=postList,"골드 집게핀 추천, 뒷모습 헤어핀 각인선물로 좋아요~"
20,https://blog.naver.com/PostView.naver?blogId=oozt6&logNo=222410457681&parentCategoryNo=&categoryNo=&viewDate=&isShowPopularPosts=false&from=postList,[광주/북구] 첨단 쌍암동 베이커리 카페 '오필즈'
21,https://blog.naver.com/PostView.naver?blogId=oozt6&logNo=222410449593&parentCategoryNo=&categoryNo=&viewDate=&isShowPopularPosts=false&from=postList,[광주/북구] 라멘과 덮밥 전문점 전대후문 '우츠'
22,https://blog.naver.com/PostView.naver?blogId=oozt6&logNo=222409839974&parentCategoryNo=&categoryNo=&viewDate=&isShowPopularPosts=false&from=postList,"트러블 천연비누 추천, 태양솝 자연비누"
23,https://blog.naver.com/PostView.naver?blogId=oozt6&logNo=222407583211&parentCategoryNo=&categoryNo=&viewDate=&isShowPopularPosts=false&from=postList,염증에 좋은 음식 간편하게!
24,https://blog.naver.com/PostView.naver?blogId=oozt6&logNo=222406895357&parentCategoryNo=&categoryNo=&viewDate=&isShowPopularPosts=false&from=postList,광주 북구 신상카페 임동 9인카페
25,https://blog.naver.com/PostView.naver?blogId=oozt6&logNo=222405281521&parentCategoryNo=&categoryNo=&viewDate=&isShowPopularPosts=false&from=postList,콜레스테롤 낮추는 방법 알면 어렵지 않아요!
26,https://blog.naver.com/PostView.naver?blogId=oozt6&logNo=222403175792&parentCategoryNo=&categoryNo=&viewDate=&isShowPopularPosts=false&from=postList,핸드스퀴지 일상도구 욕실스퀴지로 물기제거해요~
27,https://blog.naver.com/PostView.naver?blogId=oozt6&logNo=222402348107&parentCategoryNo=&categoryNo=&viewDate=&isShowPopularPosts=false&from=postList,지프 수원 전시장에서 글래디에이터 차량 시승기!
28,https://blog.naver.com/PostView.naver?blogId=oozt6&logNo=222400322876&parentCategoryNo=&categoryNo=&viewDate=&isShowPopularPosts=false&from=postList,2021 전력거래소 청년 창업활성화를 위한 창업해커톤
29,https://blog.naver.com/PostView.naver?blogId=oozt6&logNo=222398365690&parentCategoryNo=&categoryNo=&viewDate=&isShowPopularPosts=false&from=postList,혈당 낮추는 음식 건강하게 관리해요!
30,https://blog.naver.com/PostView.naver?blogId=oozt6&logNo=222394986510&parentCategoryNo=&categoryNo=&viewDate=&isShowPopularPosts=false&from=postList,쿨럭 마사지기 3개월 사용 후기
31,https://blog.naver.com/PostView.naver?blogId=oozt6&logNo=222394959682&parentCategoryNo=&categoryNo=&viewDate=&isShowPopularPosts=false&from=postList,광주 동명동 카페 크림라떼 맛집 겔란데커피룸
32,https://blog.naver.com/PostView.naver?blogId=oozt6&logNo=222394644239&parentCategoryNo=&categoryNo=&viewDate=&isShowPopularPosts=false&from=postList,췌장에 좋은 음식 이렇게 케어해보기!
33,https://blog.naver.com/PostView.naver?blogId=oozt6&logNo=222393265732&parentCategoryNo=&categoryNo=&viewDate=&isShowPopularPosts=false&from=postList,돼지감자 효능 알아보고 느낀 것
34,https://blog.naver.com/PostView.naver?blogId=oozt6&logNo=222391768776&parentCategoryNo=&categoryNo=&viewDate=&isShowPopularPosts=false&from=postList,"홈트너 거실화분, 공기정화식물 로즈마리로 꾸며봤어요~"
35,https://blog.naver.com/PostView.naver?blogId=oozt6&logNo=222388973951&parentCategoryNo=&categoryNo=&viewDate=&isShowPopularPosts=false&from=postList,"매일매일 챌린지 #오늘일기, 열 네 번째 이야기"
36,https://blog.naver.com/PostView.naver?blogId=oozt6&logNo=222388539049&parentCategoryNo=&categoryNo=&viewDate=&isShowPopularPosts=false&from=postList,호주에서 건너온 건강기능식품 '블루검 콜라겐구미'
37,https://blog.naver.com/PostView.naver?blogId=oozt6&logNo=222387634529&parentCategoryNo=&categoryNo=&viewDate=&isShowPopularPosts=false&from=postList,"매일매일 챌린지 #오늘일기, 열 네 번째 이야기"
38,https://blog.naver.com/PostView.naver?blogId=oozt6&logNo=222386490764&parentCategoryNo=&categoryNo=&viewDate=&isShowPopularPosts=false&from=postList,"매일매일 챌린지 #오늘일기, 열 세 번째 이야기"
39,https://blog.naver.com/PostView.naver?blogId=oozt6&logNo=222385314277&parentCategoryNo=&categoryNo=&viewDate=&isShowPopularPosts=false&from=postList,"매일매일 챌린지 #오늘일기, 열 두 번째 이야기"
40,https://blog.naver.com/PostView.naver?blogId=oozt6&logNo=222384726614&parentCategoryNo=&categoryNo=&viewDate=&isShowPopularPosts=false&from=postList,혈압 낮추는 음식 추천 제주산 레드비트로 꾸준히 섭취해봐요~
41,https://blog.naver.com/PostView.naver?blogId=oozt6&logNo=222383730095&parentCategoryNo=&categoryNo=&viewDate=&isShowPopularPosts=false&from=postList,"매일매일 챌린지 #오늘일기, 열 한 번째 이야기"
42,https://blog.naver.com/PostView.naver?blogId=oozt6&logNo=222381806235&parentCategoryNo=&categoryNo=&viewDate=&isShowPopularPosts=false&from=postList,"매일매일 챌린지 #오늘일기, 열 번째 이야기"
43,https://blog.naver.com/PostView.naver?blogId=oozt6&logNo=222379915927&parentCategoryNo=&categoryNo=&viewDate=&isShowPopularPosts=false&from=postList,"6월의 시작, #오늘일기, 아홉 번째 이야기"
44,https://blog.naver.com/PostView.naver?blogId=oozt6&logNo=222377908379&parentCategoryNo=&categoryNo=&viewDate=&isShowPopularPosts=false&from=postList,"매일매일 챌린지 #오늘일기, 여덟 번째 이야기"
45,https://blog.naver.com/PostView.naver?blogId=oozt6&logNo=222375738230&parentCategoryNo=&categoryNo=&viewDate=&isShowPopularPosts=false&from=postList,"매일매일 챌린지 #오늘일기, 일곱 번째 이야기"
46,https://blog.naver.com/PostView.naver?blogId=oozt6&logNo=222374182936&parentCategoryNo=&categoryNo=&viewDate=&isShowPopularPosts=false&from=postList,"매일매일 챌린지 #오늘일기, 여섯 번째 이야기"
47,https://blog.naver.com/PostView.naver?blogId=oozt6&logNo=222372531190&parentCategoryNo=&categoryNo=&viewDate=&isShowPopularPosts=false&from=postList,"매일매일 챌린지 #오늘일기, 드디어 다섯 번째 이야기"
48,https://blog.naver.com/PostView.naver?blogId=oozt6&logNo=222370623130&parentCategoryNo=&categoryNo=&viewDate=&isShowPopularPosts=false&from=postList,"매일매일 챌린지 #오늘일기, 드디어 네 번째 이야기"
49,https://blog.naver.com/PostView.naver?blogId=oozt6&logNo=222370050749&parentCategoryNo=&categoryNo=&viewDate=&isShowPopularPosts=false&from=postList,메이드모먼 nostalgia sticker 아이폰케이스
50,https://blog.naver.com/PostView.naver?blogId=oozt6&logNo=222368999897&parentCategoryNo=&categoryNo=&viewDate=&isShowPopularPosts=false&from=postList,옐로우시티 장성에서 맛본 강마루 돈가스와 장성호 수변길 출렁다리
51,https://blog.naver.com/PostView.naver?blogId=oozt6&logNo=222368901161&parentCategoryNo=&categoryNo=&viewDate=&isShowPopularPosts=false&from=postList,"매일매일 챌린지 #오늘일기, 다시 세번째 이야기"
52,https://blog.naver.com/PostView.naver?blogId=oozt6&logNo=222367015775&parentCategoryNo=&categoryNo=&viewDate=&isShowPopularPosts=false&from=postList,"매일매일 챌린지 #오늘일기, 다시 두번째 이야기"
53,https://blog.naver.com/PostView.naver?blogId=oozt6&logNo=222365236587&parentCategoryNo=&categoryNo=&viewDate=&isShowPopularPosts=false&from=postList,매일매일 챌린지 #블챌 #오늘일기 다시 시작?
54,https://blog.naver.com/PostView.naver?blogId=oozt6&logNo=222357767328&parentCategoryNo=&categoryNo=&viewDate=&isShowPopularPosts=false&from=postList,닥터바이오 피부진정 수딩젤 온가족이 함께써요!
55,https://blog.naver.com/PostView.naver?blogId=oozt6&logNo=222356092277&parentCategoryNo=&categoryNo=&viewDate=&isShowPopularPosts=false&from=postList,"광주 카페 추천, 동구 학동 책 읽기 좋은 두지카페"
56,https://blog.naver.com/PostView.naver?blogId=oozt6&logNo=222353579130&parentCategoryNo=&categoryNo=&viewDate=&isShowPopularPosts=false&from=postList,"[고흥가볼만한곳] 고흥만 방조제, 생태식물원, 남열해돋이해수욕장"
57,https://blog.naver.com/PostView.naver?blogId=oozt6&logNo=222353095861&parentCategoryNo=&categoryNo=&viewDate=&isShowPopularPosts=false&from=postList,광주 동명동 한옥 카페 문화카페 '딴판' 굴뚝빵 맛집!
58,https://blog.naver.com/PostView.naver?blogId=oozt6&logNo=222352412876&parentCategoryNo=&categoryNo=&viewDate=&isShowPopularPosts=false&from=postList,갤럭시S10 5G 강화유리필름 처비캣 추천해요!
59,https://blog.naver.com/PostView.naver?blogId=oozt6&logNo=222342166067&parentCategoryNo=&categoryNo=&viewDate=&isShowPopularPosts=false&from=postList,광주 커플링 황금나라 화정점 노비카 예물전문점
60,https://blog.naver.com/PostView.naver?blogId=oozt6&logNo=222341388300&parentCategoryNo=&categoryNo=&viewDate=&isShowPopularPosts=false&from=postList,"[고흥/도덕면] 고흥카페추천, 좋은날 여기 '유쟈카페'"
61,https://blog.naver.com/PostView.naver?blogId=oozt6&logNo=222339432469&parentCategoryNo=&categoryNo=&viewDate=&isShowPopularPosts=false&from=postList,마우스 손목받침대 쉬즈원으로 간편하게~
62,https://blog.naver.com/PostView.naver?blogId=oozt6&logNo=222337531177&parentCategoryNo=&categoryNo=&viewDate=&isShowPopularPosts=false&from=postList,저칼로리도시락 미용식 절식습관 반틈 6종 6팩 후기
63,https://blog.naver.com/PostView.naver?blogId=oozt6&logNo=222335909627&parentCategoryNo=&categoryNo=&viewDate=&isShowPopularPosts=false&from=postList,"매일매일 챌린지 #오늘일기, 세번째 이야기"
64,https://blog.naver.com/PostView.naver?blogId=oozt6&logNo=222333096591&parentCategoryNo=&categoryNo=&viewDate=&isShowPopularPosts=false&from=postList,"매일매일 챌린지 #오늘일기, 두번째 이야기"
65,https://blog.naver.com/PostView.naver?blogId=oozt6&logNo=222332886958&parentCategoryNo=&categoryNo=&viewDate=&isShowPopularPosts=false&from=postList,커피드립백 추천 타임캡슐드립커피로 바꿔봤어요~
66,https://blog.naver.com/PostView.naver?blogId=oozt6&logNo=222331510754&parentCategoryNo=&categoryNo=&viewDate=&isShowPopularPosts=false&from=postList,"매일매일 챌린지 #오늘일기, 첫번째 이야기"
67,https://blog.naver.com/PostView.naver?blogId=oozt6&logNo=222326847366&parentCategoryNo=&categoryNo=&viewDate=&isShowPopularPosts=false&from=postList,노트북 거치대 울트라슬림 노트북 거치대 이굿샵
68,https://blog.naver.com/PostView.naver?blogId=oozt6&logNo=222321859696&parentCategoryNo=&categoryNo=&viewDate=&isShowPopularPosts=false&from=postList,새벽고기 스테이크고기로 채끝살 짜파구리 만들어봤어요~
69,https://blog.naver.com/PostView.naver?blogId=oozt6&logNo=222321764219&parentCategoryNo=&categoryNo=&viewDate=&isShowPopularPosts=false&from=postList,"프로바이오틱스유산균 추천, 웰리카 가족유산균"
70,https://blog.naver.com/PostView.naver?blogId=oozt6&logNo=222321401712&parentCategoryNo=&categoryNo=&viewDate=&isShowPopularPosts=false&from=postList,[광주/북구] 용봉동 들깨마을 칼국수전문점 '들깨칼국수' 먹었어요
71,https://blog.naver.com/PostView.naver?blogId=oozt6&logNo=222319353007&parentCategoryNo=&categoryNo=&viewDate=&isShowPopularPosts=false&from=postList,광주카페 달달한도넛은 플로케도넛 충장점!
72,https://blog.naver.com/PostView.naver?blogId=oozt6&logNo=222314512691&parentCategoryNo=&categoryNo=&viewDate=&isShowPopularPosts=false&from=postList,사무실 휴대용 대용량가습기 nko컬러풀 무드등
73,https://blog.naver.com/PostView.naver?blogId=oozt6&logNo=222314509153&parentCategoryNo=&categoryNo=&viewDate=&isShowPopularPosts=false&from=postList,자취요리 밀키트 단밥 돼지고기김치찌개로 해결!
74,https://blog.naver.com/PostView.naver?blogId=oozt6&logNo=222312286421&parentCategoryNo=&categoryNo=&viewDate=&isShowPopularPosts=false&from=postList,달달한 돌잔치선물 답례품추천 천방산 토종마켓 하루벌집꿀 !
75,https://blog.naver.com/PostView.naver?blogId=oozt6&logNo=222309124630&parentCategoryNo=&categoryNo=&viewDate=&isShowPopularPosts=false&from=postList,디카페인커피 잘자커피 마시면서도 숙면해요!
76,https://blog.naver.com/PostView.naver?blogId=oozt6&logNo=222303962638&parentCategoryNo=&categoryNo=&viewDate=&isShowPopularPosts=false&from=postList,광주카페 뜨앙에서 레터링케이크 주문제작했어요!
77,https://blog.naver.com/PostView.naver?blogId=oozt6&logNo=222302730373&parentCategoryNo=&categoryNo=&viewDate=&isShowPopularPosts=false&from=postList,에어프라이어요리 꼬마붕어빵 미니붕어빵 추천해요~
78,https://blog.naver.com/PostView.naver?blogId=oozt6&logNo=222302701464&parentCategoryNo=&categoryNo=&viewDate=&isShowPopularPosts=false&from=postList,[광주/동구] 동명동꽃집 아네몬느
79,https://blog.naver.com/PostView.naver?blogId=oozt6&logNo=222302150462&parentCategoryNo=&categoryNo=&viewDate=&isShowPopularPosts=false&from=postList,쿠앤크프라프치노와 고구마가 맛있는 청자다방 오치점
80,https://blog.naver.com/PostView.naver?blogId=oozt6&logNo=222301560179&parentCategoryNo=&categoryNo=&viewDate=&isShowPopularPosts=false&from=postList,지성샴푸추천 테라피션 헤어컨디셔너 두피케어에 딱!
81,https://blog.naver.com/PostView.naver?blogId=oozt6&logNo=222298651812&parentCategoryNo=&categoryNo=&viewDate=&isShowPopularPosts=false&from=postList,열두 발자국_첫 번째 발자국
82,https://blog.naver.com/PostView.naver?blogId=oozt6&logNo=222296107881&parentCategoryNo=&categoryNo=&viewDate=&isShowPopularPosts=false&from=postList,다이어트소고기 샐그램 1일 3식으로 건강한 식단관리
83,https://blog.naver.com/PostView.naver?blogId=oozt6&logNo=222295568435&parentCategoryNo=&categoryNo=&viewDate=&isShowPopularPosts=false&from=postList,나의 미라클모닝 습관
84,https://blog.naver.com/PostView.naver?blogId=oozt6&logNo=222294422164&parentCategoryNo=&categoryNo=&viewDate=&isShowPopularPosts=false&from=postList,브랜드가 되어간다는 것_오늘을 살게 만드는 힘
85,https://blog.naver.com/PostView.naver?blogId=oozt6&logNo=222293689307&parentCategoryNo=&categoryNo=&viewDate=&isShowPopularPosts=false&from=postList,푸디즈 케이쿠킹 떡볶이소스로 간단하게 떡볶이 만드는 법
86,https://blog.naver.com/PostView.naver?blogId=oozt6&logNo=222293223398&parentCategoryNo=&categoryNo=&viewDate=&isShowPopularPosts=false&from=postList,브랜드가 되어간다는 것_악보를 볼 줄 모르는 연주자들
87,https://blog.naver.com/PostView.naver?blogId=oozt6&logNo=222292759568&parentCategoryNo=&categoryNo=&viewDate=&isShowPopularPosts=false&from=postList,광주안심식당 광천동맛집 서울깍두기 설렁탕과 갈비탕을 푸짐하게!
88,https://blog.naver.com/PostView.naver?blogId=oozt6&logNo=222292029476&parentCategoryNo=&categoryNo=&viewDate=&isShowPopularPosts=false&from=postList,브랜드가 되어 간다는 것_대중성의 모순
89,https://blog.naver.com/PostView.naver?blogId=oozt6&logNo=222291509386&parentCategoryNo=&categoryNo=&viewDate=&isShowPopularPosts=false&from=postList,[광주/동구] 동명동해산물 가성비있게 즐기는 동명공원
90,https://blog.naver.com/PostView.naver?blogId=oozt6&logNo=222290837734&parentCategoryNo=&categoryNo=&viewDate=&isShowPopularPosts=false&from=postList,브랜드가 되어간다는 것 '언어는 존재의 집이다'
91,https://blog.naver.com/PostView.naver?blogId=oozt6&logNo=222289708702&parentCategoryNo=&categoryNo=&viewDate=&isShowPopularPosts=false&from=postList,나의 미라클모닝 기록
92,https://blog.naver.com/PostView.naver?blogId=oozt6&logNo=222289648494&parentCategoryNo=&categoryNo=&viewDate=&isShowPopularPosts=false&from=postList,광주꽃집 용봉동꽃집 르로제에서 봄꽃다발 주문했어요~
93,https://blog.naver.com/PostView.naver?blogId=oozt6&logNo=222287170502&parentCategoryNo=&categoryNo=&viewDate=&isShowPopularPosts=false&from=postList,봄에 신기좋은 여성구두 슈룸 베이직 스퀘어 통굽 플랫슈즈
94,https://blog.naver.com/PostView.naver?blogId=oozt6&logNo=222284919220&parentCategoryNo=&categoryNo=&viewDate=&isShowPopularPosts=false&from=postList,집밥 메뉴 추천 일품나라 양념수제돼지갈비로 고깃집 갈비 느낌 내기!
95,https://blog.naver.com/PostView.naver?blogId=oozt6&logNo=222283821364&parentCategoryNo=&categoryNo=&viewDate=&isShowPopularPosts=false&from=postList,일회용 수세미 빨아쓰는 행주 디어커스로 슬기로운 주방생활
96,https://blog.naver.com/PostView.naver?blogId=oozt6&logNo=222281175827&parentCategoryNo=&categoryNo=&viewDate=&isShowPopularPosts=false&from=postList,단백질 음료 추천 칼로바이 프로틴에이드
97,https://blog.naver.com/PostView.naver?blogId=oozt6&logNo=222280800797&parentCategoryNo=&categoryNo=&viewDate=&isShowPopularPosts=false&from=postList,"나주가볼만한 곳, 나주혁신도시를 한눈에 빛가람전망대"
98,https://blog.naver.com/PostView.naver?blogId=oozt6&logNo=222280692910&parentCategoryNo=&categoryNo=&viewDate=&isShowPopularPosts=false&from=postList,잠이안올때 숙면에 좋은 차100% 원액을 담은 제로타트체리
99,https://blog.naver.com/PostView.naver?blogId=oozt6&logNo=222280066110&parentCategoryNo=&categoryNo=&viewDate=&isShowPopularPosts=false&from=postList,일회용마스크추천 일회용마스크필터 TONYCOCO 마스크패드
100,https://blog.naver.com/PostView.naver?blogId=oozt6&logNo=222278559233&parentCategoryNo=&categoryNo=&viewDate=&isShowPopularPosts=false&from=postList,칼집 약단밤 에어프라이어로 사계절 군밤 만들어먹기!
101,https://blog.naver.com/PostView.naver?blogId=oozt6&logNo=222278398217&parentCategoryNo=&categoryNo=&viewDate=&isShowPopularPosts=false&from=postList,"소화가 잘 안될 때, 멀티효소식품 바른곡물효소"
102,https://blog.naver.com/PostView.naver?blogId=oozt6&logNo=222278237318&parentCategoryNo=&categoryNo=&viewDate=&isShowPopularPosts=false&from=postList,다빛 보석십자수 집콕 취미로 딱이야~
103,https://blog.naver.com/PostView.naver?blogId=oozt6&logNo=222273066821&parentCategoryNo=&categoryNo=&viewDate=&isShowPopularPosts=false&from=postList,아미엘라 챠콜블랙슈가비누 화학성분없는 세안비누
104,https://blog.naver.com/PostView.naver?blogId=oozt6&logNo=222273004521&parentCategoryNo=&categoryNo=&viewDate=&isShowPopularPosts=false&from=postList,헤어에센스추천 모발에센스 레미디
105,https://blog.naver.com/PostView.naver?blogId=oozt6&logNo=222272922546&parentCategoryNo=&categoryNo=&viewDate=&isShowPopularPosts=false&from=postList,Prism Juice 참마&적양배추 주스 건강한 하루의 시작
106,https://blog.naver.com/PostView.naver?blogId=oozt6&logNo=222272812710&parentCategoryNo=&categoryNo=&viewDate=&isShowPopularPosts=false&from=postList,춘천 닭갈비 택배로 배송받아 닭갈비 조리하기
107,https://blog.naver.com/PostView.naver?blogId=oozt6&logNo=222272066281&parentCategoryNo=&categoryNo=&viewDate=&isShowPopularPosts=false&from=postList,로켓프레시로 330칼로리 건강한 헤일로탑 아이스크림 시켜봤어요~
108,https://blog.naver.com/PostView.naver?blogId=oozt6&logNo=222271932794&parentCategoryNo=&categoryNo=&viewDate=&isShowPopularPosts=false&from=postList,광주 동구 계림동 파티룸 어라운드더문에서 브라이덜샤워파티하고 왔어요~
109,https://blog.naver.com/PostView.naver?blogId=oozt6&logNo=222270813679&parentCategoryNo=&categoryNo=&viewDate=&isShowPopularPosts=false&from=postList,광주 족발 맛집 양산동 족발이 땡기는 날에서 실속세트 방문포장했어요~
110,https://blog.naver.com/PostView.naver?blogId=oozt6&logNo=222269662700&parentCategoryNo=&categoryNo=&viewDate=&isShowPopularPosts=false&from=postList,광주스몰웨딩과 애견동반이되는 광주브런치 맛집 매월동 카페 아리아 다녀왔어요~
111,https://blog.naver.com/PostView.naver?blogId=oozt6&logNo=222269517340&parentCategoryNo=&categoryNo=&viewDate=&isShowPopularPosts=false&from=postList,모모로니 와플믹스로 홈베이킹 쌀와플만들기
112,https://blog.naver.com/PostView.naver?blogId=oozt6&logNo=222268423419&parentCategoryNo=&categoryNo=&viewDate=&isShowPopularPosts=false&from=postList,[전남/화순] 조용한 북카페 몽리브 화순 신상카페 다녀왔어요~
113,https://blog.naver.com/PostView.naver?blogId=oozt6&logNo=222265462947&parentCategoryNo=&categoryNo=&viewDate=&isShowPopularPosts=false&from=postList,맛있는다이어트도시락 저칼로리도시락 '미용식' 추천해요!
114,https://blog.naver.com/PostView.naver?blogId=oozt6&logNo=222265306348&parentCategoryNo=&categoryNo=&viewDate=&isShowPopularPosts=false&from=postList,매곡동스터디카페 비허밍스터디카페
115,https://blog.naver.com/PostView.naver?blogId=oozt6&logNo=222264220498&parentCategoryNo=&categoryNo=&viewDate=&isShowPopularPosts=false&from=postList,보습비누 추천 오소리오일비누
116,https://blog.naver.com/PostView.naver?blogId=oozt6&logNo=222263156435&parentCategoryNo=&categoryNo=&viewDate=&isShowPopularPosts=false&from=postList,마스크패치 말풍선 아로마 패치 트래블에디션
117,https://blog.naver.com/PostView.naver?blogId=oozt6&logNo=222262964513&parentCategoryNo=&categoryNo=&viewDate=&isShowPopularPosts=false&from=postList,새학기 대학생노트북 레노버 요가 슬림7i 고성능노트북으로 추천해요~
118,https://blog.naver.com/PostView.naver?blogId=oozt6&logNo=222256124522&parentCategoryNo=&categoryNo=&viewDate=&isShowPopularPosts=false&from=postList,[전남/담양] 담양식 수제 돼지떡갈비전문점 추성로1205
119,https://blog.naver.com/PostView.naver?blogId=oozt6&logNo=222254927916&parentCategoryNo=&categoryNo=&viewDate=&isShowPopularPosts=false&from=postList,"담양 담빛예술창고 풍화, 아세안의빛"
120,https://blog.naver.com/PostView.naver?blogId=oozt6&logNo=222254741266&parentCategoryNo=&categoryNo=&viewDate=&isShowPopularPosts=false&from=postList,정부지원금으로 난방비 절약 보일러 대성쎌틱으로 가성비 높여요!
121,https://blog.naver.com/PostView.naver?blogId=oozt6&logNo=222253733901&parentCategoryNo=&categoryNo=&viewDate=&isShowPopularPosts=false&from=postList,달바 워터풀 슬리핑팩으로 자는동안 밤샘보습 충전
122,https://blog.naver.com/PostView.naver?blogId=oozt6&logNo=222253659162&parentCategoryNo=&categoryNo=&viewDate=&isShowPopularPosts=false&from=postList,"[전남/담양] 도심을 벗어나 자연과 함께하는 고즈넉한 찻집, 명가은"
123,https://blog.naver.com/PostView.naver?blogId=oozt6&logNo=222253598696&parentCategoryNo=&categoryNo=&viewDate=&isShowPopularPosts=false&from=postList,광주수제케이크 벨루가아뜰리에에서 정성이 담긴 디저트를~
124,https://blog.naver.com/PostView.naver?blogId=oozt6&logNo=222249224669&parentCategoryNo=&categoryNo=&viewDate=&isShowPopularPosts=false&from=postList,먹는 히알루론산 담을수록 히알루론산 젤리로 보습이너뷰티
125,https://blog.naver.com/PostView.naver?blogId=oozt6&logNo=222249187731&parentCategoryNo=&categoryNo=&viewDate=&isShowPopularPosts=false&from=postList,수면에좋은차 셀핀다 가바꿀잠으로 편안하게 잠자고 있어요~
126,https://blog.naver.com/PostView.naver?blogId=oozt6&logNo=222249087585&parentCategoryNo=&categoryNo=&viewDate=&isShowPopularPosts=false&from=postList,아침식사대용 61맘스토리 브로콜리치즈스프로 다뜻하게 겨울을 보내요~
127,https://blog.naver.com/PostView.naver?blogId=oozt6&logNo=222248499451&parentCategoryNo=&categoryNo=&viewDate=&isShowPopularPosts=false&from=postList,신발방수스프레이 모어화이트(morewhite) 올케어 신발 코팅 방수 스프레이
128,https://blog.naver.com/PostView.naver?blogId=oozt6&logNo=222246829762&parentCategoryNo=&categoryNo=&viewDate=&isShowPopularPosts=false&from=postList,"[광주/동구] 지산동 조대근처, 업텐브로피자에서 불고기피자 먹어봤어요~"
129,https://blog.naver.com/PostView.naver?blogId=oozt6&logNo=222246738053&parentCategoryNo=&categoryNo=&viewDate=&isShowPopularPosts=false&from=postList,"[광주/북구] 오치동과일전문점, 라푸르따에서 사과배세트 구매했어요~"
130,https://blog.naver.com/PostView.naver?blogId=oozt6&logNo=222245626937&parentCategoryNo=&categoryNo=&viewDate=&isShowPopularPosts=false&from=postList,"[광주/북구] 무등도서관 근처 카페, 스타벅스동광주DT점"
131,https://blog.naver.com/PostView.naver?blogId=oozt6&logNo=222245554582&parentCategoryNo=&categoryNo=&viewDate=&isShowPopularPosts=false&from=postList,물한방울 들어가지 않은 참가네 타트체리 콜라겐 먹어봤어요!
132,https://blog.naver.com/PostView.naver?blogId=oozt6&logNo=222245449537&parentCategoryNo=&categoryNo=&viewDate=&isShowPopularPosts=false&from=postList,우리집 필수템! 소독제세트 바이투바이러스 뿌리는 천연살균소독제
133,https://blog.naver.com/PostView.naver?blogId=oozt6&logNo=222237967700&parentCategoryNo=&categoryNo=&viewDate=&isShowPopularPosts=false&from=postList,택배로 받아먹는 파주 프로방스 키스링 나도 먹어봤다!
134,https://blog.naver.com/PostView.naver?blogId=oozt6&logNo=222237817140&parentCategoryNo=&categoryNo=&viewDate=&isShowPopularPosts=false&from=postList,자세교정 공부방석은 닥터펠비스 바론 대치동방석 사용하고 있어요~
135,https://blog.naver.com/PostView.naver?blogId=oozt6&logNo=222236451274&parentCategoryNo=&categoryNo=&viewDate=&isShowPopularPosts=false&from=postList,현미마을 현미누룽지로 매일매일 고소한 수제누룽지 맛봐요~
136,https://blog.naver.com/PostView.naver?blogId=oozt6&logNo=222236135825&parentCategoryNo=&categoryNo=&viewDate=&isShowPopularPosts=false&from=postList,콩고기요리 데일리비건 비미트 스테이크로 다이어트 반찬해결!
137,https://blog.naver.com/PostView.naver?blogId=oozt6&logNo=222234036680&parentCategoryNo=&categoryNo=&viewDate=&isShowPopularPosts=false&from=postList,(나를 숨 쉬게 하는)보통의 언어들_김이나
138,https://blog.naver.com/PostView.naver?blogId=oozt6&logNo=222232973875&parentCategoryNo=&categoryNo=&viewDate=&isShowPopularPosts=false&from=postList,[광주/북구] 운암동카페 커피숲 햇살맛집이에요!
139,https://blog.naver.com/PostView.naver?blogId=oozt6&logNo=222230236282&parentCategoryNo=&categoryNo=&viewDate=&isShowPopularPosts=false&from=postList,"손목보호대, 마우스 핸드폰 사용량이 많은 요즘 핀처손목보호대 사용해봤어요~"
140,https://blog.naver.com/PostView.naver?blogId=oozt6&logNo=222229052978&parentCategoryNo=&categoryNo=&viewDate=&isShowPopularPosts=false&from=postList,[배달음식] 빅스타피자 흐르쥬퐁듀 시카고피자 고구마무스무스 추가+
141,https://blog.naver.com/PostView.naver?blogId=oozt6&logNo=222225525919&parentCategoryNo=&categoryNo=&viewDate=&isShowPopularPosts=false&from=postList,새벽배송으로 매일매일 건강하게 슬림쿡 덴마크다이어트 덴마크식단
142,https://blog.naver.com/PostView.naver?blogId=oozt6&logNo=222225331783&parentCategoryNo=&categoryNo=&viewDate=&isShowPopularPosts=false&from=postList,(마케터의 영감노트) 기록의 쓸모_이승희
143,https://blog.naver.com/PostView.naver?blogId=oozt6&logNo=222221844889&parentCategoryNo=&categoryNo=&viewDate=&isShowPopularPosts=false&from=postList,광주 전시회 아시아문화전당 이퀼리브리엄 바이오필리아 전시 보고 왔어요~
144,https://blog.naver.com/PostView.naver?blogId=oozt6&logNo=222221647811&parentCategoryNo=&categoryNo=&viewDate=&isShowPopularPosts=false&from=postList,콜라겐추천 먹는 콜라겐 저분자피쉬콜라겐 더조은 뷰티업 콜라겐으로~
145,https://blog.naver.com/PostView.naver?blogId=oozt6&logNo=222220605630&parentCategoryNo=&categoryNo=&viewDate=&isShowPopularPosts=false&from=postList,영광명품떡집 영광모시떡 명절 모시떡 미리 먹어봤어요~
146,https://blog.naver.com/PostView.naver?blogId=oozt6&logNo=222220518180&parentCategoryNo=&categoryNo=&viewDate=&isShowPopularPosts=false&from=postList,녹십초생활건강 초유단백질로 필수 단백질챙겨요!
147,https://blog.naver.com/PostView.naver?blogId=oozt6&logNo=222219326515&parentCategoryNo=&categoryNo=&viewDate=&isShowPopularPosts=false&from=postList,[광주/북구] 두암동 예술 영양 돌솥밥
148,https://blog.naver.com/PostView.naver?blogId=oozt6&logNo=222216034767&parentCategoryNo=&categoryNo=&viewDate=&isShowPopularPosts=false&from=postList,광주 우드슬랩 테이블 우드앤까유에서 거실테이블 알아보기!
149,https://blog.naver.com/PostView.naver?blogId=oozt6&logNo=222214881675&parentCategoryNo=&categoryNo=&viewDate=&isShowPopularPosts=false&from=postList,건강관리 종합식품 면역력 증진 차가버섯이 함유된 인플레오 이너스랩!
150,https://blog.naver.com/PostView.naver?blogId=oozt6&logNo=222214758377&parentCategoryNo=&categoryNo=&viewDate=&isShowPopularPosts=false&from=postList,건강하게 먹을 수 있는 김 인삼먹은김 삼희솔루션
151,https://blog.naver.com/PostView.naver?blogId=oozt6&logNo=222214695322&parentCategoryNo=&categoryNo=&viewDate=&isShowPopularPosts=false&from=postList,먹는콜라겐 퍼펙토콜라겐300달톤
152,https://blog.naver.com/PostView.naver?blogId=oozt6&logNo=222213674241&parentCategoryNo=&categoryNo=&viewDate=&isShowPopularPosts=false&from=postList,아피스브라질 그린 프로폴리스 비누 사용해봤어요~
153,https://blog.naver.com/PostView.naver?blogId=oozt6&logNo=222213508032&parentCategoryNo=&categoryNo=&viewDate=&isShowPopularPosts=false&from=postList,프리바이오틱스가 들어있는 고스란히 유기농 ABC쥬스 추천해요!
154,https://blog.naver.com/PostView.naver?blogId=oozt6&logNo=222213472524&parentCategoryNo=&categoryNo=&viewDate=&isShowPopularPosts=false&from=postList,비비고에서 온 선물 '더드림백' 더비비고 건강한식
155,https://blog.naver.com/PostView.naver?blogId=oozt6&logNo=222211332089&parentCategoryNo=&categoryNo=&viewDate=&isShowPopularPosts=false&from=postList,부각선물 부부의 식탁 부각선물세트로 맛있게 간식챙겨요~
156,https://blog.naver.com/PostView.naver?blogId=oozt6&logNo=222209451676&parentCategoryNo=&categoryNo=&viewDate=&isShowPopularPosts=false&from=postList,사세새우링 치킨너겟 후라이드근위 3종으로 에어프라이어요리
157,https://blog.naver.com/PostView.naver?blogId=oozt6&logNo=222208269269&parentCategoryNo=&categoryNo=&viewDate=&isShowPopularPosts=false&from=postList,"간단한 에어프라이어요리, 슬라이스 치즈로 치즈과자만들기"
158,https://blog.naver.com/PostView.naver?blogId=oozt6&logNo=222208203981&parentCategoryNo=&categoryNo=&viewDate=&isShowPopularPosts=false&from=postList,겨울철 귀뚜라미 가스보일러 에러 고장 A/S 후기
159,https://blog.naver.com/PostView.naver?blogId=oozt6&logNo=222208168517&parentCategoryNo=&categoryNo=&viewDate=&isShowPopularPosts=false&from=postList,"카카오프렌즈 디지털 알람 시계, 귀요미 '죠르디' 탁상시계 후기"
160,https://blog.naver.com/PostView.naver?blogId=oozt6&logNo=222207307401&parentCategoryNo=&categoryNo=&viewDate=&isShowPopularPosts=false&from=postList,[광주/북구] 오치동 청년다방 불향차돌떡볶이와 버터갈릭감자튀김
161,https://blog.naver.com/PostView.naver?blogId=oozt6&logNo=222206040225&parentCategoryNo=&categoryNo=&viewDate=&isShowPopularPosts=false&from=postList,"[광주/북구] 전대후문, 매코미통닭발 배달시켜먹기"
162,https://blog.naver.com/PostView.naver?blogId=oozt6&logNo=222204847746&parentCategoryNo=&categoryNo=&viewDate=&isShowPopularPosts=false&from=postList,저칼로리 단백질간식 라발란스 플러스 고단백스낵 6종 다이어트간식으로 즐겨요~
163,https://blog.naver.com/PostView.naver?blogId=oozt6&logNo=222200580825&parentCategoryNo=&categoryNo=&viewDate=&isShowPopularPosts=false&from=postList,머릿결좋아지는법 테라피션 정수리냄새샴푸 추천
164,https://blog.naver.com/PostView.naver?blogId=oozt6&logNo=222195767456&parentCategoryNo=&categoryNo=&viewDate=&isShowPopularPosts=false&from=postList,도미노피자 50%할인 받아서 먹기2 : 이벤트 제휴할인 받는 방법!
165,https://blog.naver.com/PostView.naver?blogId=oozt6&logNo=222195628542&parentCategoryNo=&categoryNo=&viewDate=&isShowPopularPosts=false&from=postList,[광주/동구] 플로썸케이크 스튜디오에서 미역국케이크 주문제작했어요!
166,https://blog.naver.com/PostView.naver?blogId=oozt6&logNo=222191561710&parentCategoryNo=&categoryNo=&viewDate=&isShowPopularPosts=false&from=postList,[전남/완도] 24시 디저트 카페 '도도한'
167,https://blog.naver.com/PostView.naver?blogId=oozt6&logNo=222192412686&parentCategoryNo=&categoryNo=&viewDate=&isShowPopularPosts=false&from=postList,젤네일 지우는 법 : 셀프 쏙오프 네일호일로 해결!
168,https://blog.naver.com/PostView.naver?blogId=oozt6&logNo=222191753616&parentCategoryNo=&categoryNo=&viewDate=&isShowPopularPosts=false&from=postList,"영양소까지 함께 갖춘 직장인 건강간식, 오렐바나나틴스"
169,https://blog.naver.com/PostView.naver?blogId=oozt6&logNo=222191511233&parentCategoryNo=&categoryNo=&viewDate=&isShowPopularPosts=false&from=postList,KF-94 마스크 숨프리 귀 안아픈 블랙마스크로 바꿔봤어요~!
170,https://blog.naver.com/PostView.naver?blogId=oozt6&logNo=222191450776&parentCategoryNo=&categoryNo=&viewDate=&isShowPopularPosts=false&from=postList,[전남/완도] 뜨끈한 돌솥밥이 맛있는 '금성가든'
171,https://blog.naver.com/PostView.naver?blogId=oozt6&logNo=222191406673&parentCategoryNo=&categoryNo=&viewDate=&isShowPopularPosts=false&from=postList,2021년을 준비하는 가장 쉬운 방법 : 만년 다이어리구입
172,https://blog.naver.com/PostView.naver?blogId=oozt6&logNo=222184022037&parentCategoryNo=&categoryNo=&viewDate=&isShowPopularPosts=false&from=postList,스미스 로즈버드 살브 오리지널 립밤(틴+튜브) 사용 후기
173,https://blog.naver.com/PostView.naver?blogId=oozt6&logNo=222182924539&parentCategoryNo=&categoryNo=&viewDate=&isShowPopularPosts=false&from=postList,고용노동부 지원사업 청년 디지털일자리지원사업
174,https://blog.naver.com/PostView.naver?blogId=oozt6&logNo=222182831339&parentCategoryNo=&categoryNo=&viewDate=&isShowPopularPosts=false&from=postList,도미노피자 50%할인 받아서 먹기! (메뉴추천)
175,https://blog.naver.com/PostView.naver?blogId=oozt6&logNo=222181755805&parentCategoryNo=&categoryNo=&viewDate=&isShowPopularPosts=false&from=postList,이마트 에어프라이어 쓰다가..
176,https://blog.naver.com/PostView.naver?blogId=oozt6&logNo=222181660785&parentCategoryNo=&categoryNo=&viewDate=&isShowPopularPosts=false&from=postList,"주간밥상, 힘내새우 식도락상점 깐새우장으로 해결!"
177,https://blog.naver.com/PostView.naver?blogId=oozt6&logNo=222181601026&parentCategoryNo=&categoryNo=&viewDate=&isShowPopularPosts=false&from=postList,수제초콜릿 김보람초콜릿으로 크리스마스 준비해보세요~
178,https://blog.naver.com/PostView.naver?blogId=oozt6&logNo=222180800915&parentCategoryNo=&categoryNo=&viewDate=&isShowPopularPosts=false&from=postList,천연 사무용 가습기 리얼 제올라이트로 가습효과 경험해요!
179,https://blog.naver.com/PostView.naver?blogId=oozt6&logNo=222180535813&parentCategoryNo=&categoryNo=&viewDate=&isShowPopularPosts=false&from=postList,자세교정밴드 엘크 어깨교정밴드로 반듯한 자세 유지하기!
180,https://blog.naver.com/PostView.naver?blogId=oozt6&logNo=222175644425&parentCategoryNo=&categoryNo=&viewDate=&isShowPopularPosts=false&from=postList,"광주 가볼만한 곳, 전일빌딩 옥상에서 야경감상"
181,https://blog.naver.com/PostView.naver?blogId=oozt6&logNo=222177864302&parentCategoryNo=&categoryNo=&viewDate=&isShowPopularPosts=false&from=postList,달바러버의 화이트 트러플 바디 스프레이 세럼 리뷰
182,https://blog.naver.com/PostView.naver?blogId=oozt6&logNo=222176699891&parentCategoryNo=&categoryNo=&viewDate=&isShowPopularPosts=false&from=postList,신지모루 아이폰 USB케이블 구매후기
183,https://blog.naver.com/PostView.naver?blogId=oozt6&logNo=222176631635&parentCategoryNo=&categoryNo=&viewDate=&isShowPopularPosts=false&from=postList,다이어트음료 아임얼라이브 콤부차로 건강한 음료 마셔봤어요!
184,https://blog.naver.com/PostView.naver?blogId=oozt6&logNo=222175548140&parentCategoryNo=&categoryNo=&viewDate=&isShowPopularPosts=false&from=postList,공기청정기 렌탈보다 장만하자
185,https://blog.naver.com/PostView.naver?blogId=oozt6&logNo=222175473635&parentCategoryNo=&categoryNo=&viewDate=&isShowPopularPosts=false&from=postList,돼지감자차 상생마루 말린돼지감자로 1일 1차
186,https://blog.naver.com/PostView.naver?blogId=oozt6&logNo=222174649477&parentCategoryNo=&categoryNo=&viewDate=&isShowPopularPosts=false&from=postList,안끈적거리는핸드크림 쥬스투클렌즈 핸드크림 (아란치아/라임하프) 올 겨울에는 잇템!
187,https://blog.naver.com/PostView.naver?blogId=oozt6&logNo=222174495092&parentCategoryNo=&categoryNo=&viewDate=&isShowPopularPosts=false&from=postList,담터 호박팥차로 붓기 제거하고 하루를 시작해요~
188,https://blog.naver.com/PostView.naver?blogId=oozt6&logNo=222173628637&parentCategoryNo=&categoryNo=&viewDate=&isShowPopularPosts=false&from=postList,[2020 마이블로그 리포트] 한 눈에 보는 올해 내 블로그 데이터!
189,https://blog.naver.com/PostView.naver?blogId=oozt6&logNo=222173230045&parentCategoryNo=&categoryNo=&viewDate=&isShowPopularPosts=false&from=postList,우도에서 온 빼빼로 우도땅콩 초코스틱 도채비
190,https://blog.naver.com/PostView.naver?blogId=oozt6&logNo=222170263262&parentCategoryNo=&categoryNo=&viewDate=&isShowPopularPosts=false&from=postList,저칼로리간식 헬썸마시쏙 유기농 현미가 쏙쏙
191,https://blog.naver.com/PostView.naver?blogId=oozt6&logNo=222169303632&parentCategoryNo=&categoryNo=&viewDate=&isShowPopularPosts=false&from=postList,"[광주/동구] 동명동 카페, 데이오프나이트(DAY OFF NIGHT)"
192,https://blog.naver.com/PostView.naver?blogId=oozt6&logNo=222168896024&parentCategoryNo=&categoryNo=&viewDate=&isShowPopularPosts=false&from=postList,한끼식사대용 이름도 예쁜 라라그래놀라 건강하게 다이어트해요!
193,https://blog.naver.com/PostView.naver?blogId=oozt6&logNo=222167988078&parentCategoryNo=&categoryNo=&viewDate=&isShowPopularPosts=false&from=postList,간장게장 추천 밥순삭꽃게야 간장꽃게장 짱이에요!
194,https://blog.naver.com/PostView.naver?blogId=oozt6&logNo=222164758847&parentCategoryNo=&categoryNo=&viewDate=&isShowPopularPosts=false&from=postList,농산물꾸러미 에코테이블 못난이채소로 매일매일 건강한 식탁차리기!
195,https://blog.naver.com/PostView.naver?blogId=oozt6&logNo=222163811682&parentCategoryNo=&categoryNo=&viewDate=&isShowPopularPosts=false&from=postList,[광주/동구] 동명동 진정성 느껴졌던 주방 '전부'
196,https://blog.naver.com/PostView.naver?blogId=oozt6&logNo=222163767563&parentCategoryNo=&categoryNo=&viewDate=&isShowPopularPosts=false&from=postList,"[광주/북구] 배달음식, 전대 한남동 한방통닭"
197,https://blog.naver.com/PostView.naver?blogId=oozt6&logNo=222163749206&parentCategoryNo=&categoryNo=&viewDate=&isShowPopularPosts=false&from=postList,더블리이너뷰티콜라겐C 저분자콜라겐 챙겨먹어요~
198,https://blog.naver.com/PostView.naver?blogId=oozt6&logNo=222162838880&parentCategoryNo=&categoryNo=&viewDate=&isShowPopularPosts=false&from=postList,"[광주/동구] 동명동, 1966 생면파스타 까르보나라 추천해요!"
199,https://blog.naver.com/PostView.naver?blogId=oozt6&logNo=222162779514&parentCategoryNo=&categoryNo=&viewDate=&isShowPopularPosts=false&from=postList,아이엠듀 아이패드 에어4 애플펜 스마트커버
200,https://blog.naver.com/PostView.naver?blogId=oozt6&logNo=222161382011&parentCategoryNo=&categoryNo=&viewDate=&isShowPopularPosts=false&from=postList,"한국인의밥상출연, 변산맛집 변산반도횟집 100년 변산맛집 강미경 새우장으로 밥한그릇 뚝딱!"
201,https://blog.naver.com/PostView.naver?blogId=oozt6&logNo=222159611762&parentCategoryNo=&categoryNo=&viewDate=&isShowPopularPosts=false&from=postList,"애플펜슬펜촉 추천, 아이펠리펜촉으로 부드러운 필기체로~"
202,https://blog.naver.com/PostView.naver?blogId=oozt6&logNo=222158386475&parentCategoryNo=&categoryNo=&viewDate=&isShowPopularPosts=false&from=postList,"[광주/동구] 동명동 카페, 크로플 먹으러 간 카페 '우드라잌'"
203,https://blog.naver.com/PostView.naver?blogId=oozt6&logNo=222157712636&parentCategoryNo=&categoryNo=&viewDate=&isShowPopularPosts=false&from=postList,수제소스 마이소스 바질페스토로 홈파티음식 준비!
204,https://blog.naver.com/PostView.naver?blogId=oozt6&logNo=222157660558&parentCategoryNo=&categoryNo=&viewDate=&isShowPopularPosts=false&from=postList,"신간도서추천, 신협도서 온 마음으로 온 세상을 만들다"
205,https://blog.naver.com/PostView.naver?blogId=oozt6&logNo=222155906256&parentCategoryNo=&categoryNo=&viewDate=&isShowPopularPosts=false&from=postList,"[광주/북구] 오치동 카페, 데니스커피"
206,https://blog.naver.com/PostView.naver?blogId=oozt6&logNo=222154235557&parentCategoryNo=&categoryNo=&viewDate=&isShowPopularPosts=false&from=postList,"[광주/북구] 용봉동 전대상대 카페, 가을에 가면 더 좋은 '언노크(UNKNOCK)'"
207,https://blog.naver.com/PostView.naver?blogId=oozt6&logNo=222153362304&parentCategoryNo=&categoryNo=&viewDate=&isShowPopularPosts=false&from=postList,11월 공연 <원더티켓>-바람이 들어준다면 기대되는 공연!
208,https://blog.naver.com/PostView.naver?blogId=oozt6&logNo=222152090310&parentCategoryNo=&categoryNo=&viewDate=&isShowPopularPosts=false&from=postList,[광주/북구] 용봉동 연안식당에서 간장새우와 꼬막비빔밥 먹었어요~
209,https://blog.naver.com/PostView.naver?blogId=oozt6&logNo=222151949837&parentCategoryNo=&categoryNo=&viewDate=&isShowPopularPosts=false&from=postList,광주 파티룸 추천 감성인테리어와 색다른 루프탑이 있는 어라운드더문 전대점 이용하고 왔어요!
210,https://blog.naver.com/PostView.naver?blogId=oozt6&logNo=222147401081&parentCategoryNo=&categoryNo=&viewDate=&isShowPopularPosts=false&from=postList,전대스터디카페 용봉동 스터디봄에서 열공하고 왔어요!
211,https://blog.naver.com/PostView.naver?blogId=oozt6&logNo=222146440635&parentCategoryNo=&categoryNo=&viewDate=&isShowPopularPosts=false&from=postList,건강한 다이어트저녁식단 샐그램 1일 3식으로 해결!
212,https://blog.naver.com/PostView.naver?blogId=oozt6&logNo=222143492926&parentCategoryNo=&categoryNo=&viewDate=&isShowPopularPosts=false&from=postList,[광주/북구] 삼각동 카페 기본
213,https://blog.naver.com/PostView.naver?blogId=oozt6&logNo=222139355730&parentCategoryNo=&categoryNo=&viewDate=&isShowPopularPosts=false&from=postList,토너패드 퐁당화장품 퐁당팩으로 피부결 관리해요~
214,https://blog.naver.com/PostView.naver?blogId=oozt6&logNo=222138142563&parentCategoryNo=&categoryNo=&viewDate=&isShowPopularPosts=false&from=postList,파파존스 피자와 초코브라우니 대만족 후기ㅠㅠ
215,https://blog.naver.com/PostView.naver?blogId=oozt6&logNo=222138012396&parentCategoryNo=&categoryNo=&viewDate=&isShowPopularPosts=false&from=postList,수분크림추천 썸바이미 아하 바하 파하 30데이즈 미라클크림 선택했어요!
216,https://blog.naver.com/PostView.naver?blogId=oozt6&logNo=222135111003&parentCategoryNo=&categoryNo=&viewDate=&isShowPopularPosts=false&from=postList,[광주 김치 서포터즈] 광주 김치로 항정살볶음과 함께 요리하기!
217,https://blog.naver.com/PostView.naver?blogId=oozt6&logNo=222133328901&parentCategoryNo=&categoryNo=&viewDate=&isShowPopularPosts=false&from=postList,[광주 첨단지구 스튜디오] 숲속의 아침 스튜디오에서 프로필촬영과 드로잉체험을 한번에!
218,https://blog.naver.com/PostView.naver?blogId=oozt6&logNo=222129966608&parentCategoryNo=&categoryNo=&viewDate=&isShowPopularPosts=false&from=postList,[광주/서구] 광천동 24시간 열려있는 카페 '갤러리 24'
219,https://blog.naver.com/PostView.naver?blogId=oozt6&logNo=222129035316&parentCategoryNo=&categoryNo=&viewDate=&isShowPopularPosts=false&from=postList,"가을 하동, 섬진강 풍경보며 재첩국수 한그릇"
220,https://blog.naver.com/PostView.naver?blogId=oozt6&logNo=222127871678&parentCategoryNo=&categoryNo=&viewDate=&isShowPopularPosts=false&from=postList,"[광주/서구] 농성동 카페, 하이드로우(HIDRAW)"
221,https://blog.naver.com/PostView.naver?blogId=oozt6&logNo=222126777360&parentCategoryNo=&categoryNo=&viewDate=&isShowPopularPosts=false&from=postList,"풀무원 자연은 맛있다, '백면' 신제품 후기"
222,https://blog.naver.com/PostView.naver?blogId=oozt6&logNo=222126111223&parentCategoryNo=&categoryNo=&viewDate=&isShowPopularPosts=false&from=postList,무지개 따라 간 '무등산' 드라이브
223,https://blog.naver.com/PostView.naver?blogId=oozt6&logNo=222125423327&parentCategoryNo=&categoryNo=&viewDate=&isShowPopularPosts=false&from=postList,에어프라이어로 부드럽고 달달한 마시멜로 구워먹기
224,https://blog.naver.com/PostView.naver?blogId=oozt6&logNo=222123957396&parentCategoryNo=&categoryNo=&viewDate=&isShowPopularPosts=false&from=postList,스마트톡 케이스지(CASEZ) 예쁜스마트톡으로 바꿨어요~
225,https://blog.naver.com/PostView.naver?blogId=oozt6&logNo=222123977154&parentCategoryNo=&categoryNo=&viewDate=&isShowPopularPosts=false&from=postList,맛있는 티백차로 돼지감자차 효능 느껴봐요~
226,https://blog.naver.com/PostView.naver?blogId=oozt6&logNo=222123952428&parentCategoryNo=&categoryNo=&viewDate=&isShowPopularPosts=false&from=postList,"저분자피쉬콜라겐 추천, 슈퍼하트저분자피쉬콜라겐플러스모유유산균으로 챙겨요!"
227,https://blog.naver.com/PostView.naver?blogId=oozt6&logNo=222121211379&parentCategoryNo=&categoryNo=&viewDate=&isShowPopularPosts=false&from=postList,심플리쿡 숯불바베큐 플래터 편의점 도시락 GS25 도시락
228,https://blog.naver.com/PostView.naver?blogId=oozt6&logNo=222121851959&parentCategoryNo=&categoryNo=&viewDate=&isShowPopularPosts=false&from=postList,포토샵 일러스트 에듀얍 강의로 마스터하기!
229,https://blog.naver.com/PostView.naver?blogId=oozt6&logNo=222120827666&parentCategoryNo=&categoryNo=&viewDate=&isShowPopularPosts=false&from=postList,아이패치추천 곰돌이 킴스아이패치 3종으로 수분관리해요!
230,https://blog.naver.com/PostView.naver?blogId=oozt6&logNo=222119917690&parentCategoryNo=&categoryNo=&viewDate=&isShowPopularPosts=false&from=postList,광주미용실 감성헤어 충장점에서 애쉬카키 톤다운!
231,https://blog.naver.com/PostView.naver?blogId=oozt6&logNo=222117810194&parentCategoryNo=&categoryNo=&viewDate=&isShowPopularPosts=false&from=postList,달바 클렌저와 화이트 트러플세럼 내돈내산 후기
232,https://blog.naver.com/PostView.naver?blogId=oozt6&logNo=222117850994&parentCategoryNo=&categoryNo=&viewDate=&isShowPopularPosts=false&from=postList,남원김부각 춘향애 화사김부각 바삭함이 살아있어요~!
233,https://blog.naver.com/PostView.naver?blogId=oozt6&logNo=222114119342&parentCategoryNo=&categoryNo=&viewDate=&isShowPopularPosts=false&from=postList,충장로 수아비스헤어 2호점에서 차분한 컬러로 염색했어요~
234,https://blog.naver.com/PostView.naver?blogId=oozt6&logNo=222113381280&parentCategoryNo=&categoryNo=&viewDate=&isShowPopularPosts=false&from=postList,아로니아분말 참건강마을 동결건조 아로니아파우더로 즐겨요~
235,https://blog.naver.com/PostView.naver?blogId=oozt6&logNo=222113213198&parentCategoryNo=&categoryNo=&viewDate=&isShowPopularPosts=false&from=postList,자취생간단요리 고추명가 최현석볶음밥 3종으로 챙겨먹어요!
236,https://blog.naver.com/PostView.naver?blogId=oozt6&logNo=222112115621&parentCategoryNo=&categoryNo=&viewDate=&isShowPopularPosts=false&from=postList,[광주/북구] 용봉동 월남옥 차돌쌀국수와 새우완탕
237,https://blog.naver.com/PostView.naver?blogId=oozt6&logNo=222111349384&parentCategoryNo=&categoryNo=&viewDate=&isShowPopularPosts=false&from=postList,광주초밥 상무지구배달음식 '상무초밥'에서 맛있는 일식 집에서 즐겼어요!
238,https://blog.naver.com/PostView.naver?blogId=oozt6&logNo=222111097472&parentCategoryNo=&categoryNo=&viewDate=&isShowPopularPosts=false&from=postList,매일 건강한습관 토마토즙 챙겨먹기
239,https://blog.naver.com/PostView.naver?blogId=oozt6&logNo=222109947544&parentCategoryNo=&categoryNo=&viewDate=&isShowPopularPosts=false&from=postList,"BBQ네고왕, 비비큐 메이플버터갈릭 치킨 나도먹었다 후기2"
240,https://blog.naver.com/PostView.naver?blogId=oozt6&logNo=222108053167&parentCategoryNo=&categoryNo=&viewDate=&isShowPopularPosts=false&from=postList,"당신근처에 일상 속 소소한 거래, 당근마켓 후기"
241,https://blog.naver.com/PostView.naver?blogId=oozt6&logNo=222107033389&parentCategoryNo=&categoryNo=&viewDate=&isShowPopularPosts=false&from=postList,[전남/강진] 마량면 오대양 활어횟집에서 싱싱한 가을전어 맛보고 왔어요~!
242,https://blog.naver.com/PostView.naver?blogId=oozt6&logNo=222106373572&parentCategoryNo=&categoryNo=&viewDate=&isShowPopularPosts=false&from=postList,[광주/서구] 상무지구 카페 유니코UNICO
243,https://blog.naver.com/PostView.naver?blogId=oozt6&logNo=222101854518&parentCategoryNo=&categoryNo=&viewDate=&isShowPopularPosts=false&from=postList,멍댕공방에서 떠먹는 멍케익 수제간식 원데이클래스 받고 왔어요!
244,https://blog.naver.com/PostView.naver?blogId=oozt6&logNo=222100834200&parentCategoryNo=&categoryNo=&viewDate=&isShowPopularPosts=false&from=postList,광주맞춤정장 예복 바름사르토리아 바름양복점에서 맞추고 왔어요~
245,https://blog.naver.com/PostView.naver?blogId=oozt6&logNo=222093081719&parentCategoryNo=&categoryNo=&viewDate=&isShowPopularPosts=false&from=postList,[광주/북구] 삼시세끼 생선구이백반
246,https://blog.naver.com/PostView.naver?blogId=oozt6&logNo=222092207909&parentCategoryNo=&categoryNo=&viewDate=&isShowPopularPosts=false&from=postList,"람쏘 LS-SL40 블루투스이어폰, 노이즈캔슬링마이크 후기"
247,https://blog.naver.com/PostView.naver?blogId=oozt6&logNo=222092020911&parentCategoryNo=&categoryNo=&viewDate=&isShowPopularPosts=false&from=postList,"일곡동 카페, 디저트 맛집 '이유트(Eute)' 다녀왔어요~!"
248,https://blog.naver.com/PostView.naver?blogId=oozt6&logNo=222090235256&parentCategoryNo=&categoryNo=&viewDate=&isShowPopularPosts=false&from=postList,[광주/북구] 매곡동 마녀김밥에서 유명한 계란김밥 먹어봤어요~
249,https://blog.naver.com/PostView.naver?blogId=oozt6&logNo=222088388784&parentCategoryNo=&categoryNo=&viewDate=&isShowPopularPosts=false&from=postList,[광주/북구] 간장게장 생선구이 전문점 '진식당' 1호점
250,https://blog.naver.com/PostView.naver?blogId=oozt6&logNo=222089192073&parentCategoryNo=&categoryNo=&viewDate=&isShowPopularPosts=false&from=postList,좋은 습관 만들기 '챌린저스' 미라클모닝에 도전하고 있어요!
251,https://blog.naver.com/PostView.naver?blogId=oozt6&logNo=222088380917&parentCategoryNo=&categoryNo=&viewDate=&isShowPopularPosts=false&from=postList,[광주/서구] 광천동 카페 미뇽(CAFE mignon)
252,https://blog.naver.com/PostView.naver?blogId=oozt6&logNo=222088375616&parentCategoryNo=&categoryNo=&viewDate=&isShowPopularPosts=false&from=postList,단백질파우더 간편한 식사대용쉐이크 한장의 식단
253,https://blog.naver.com/PostView.naver?blogId=oozt6&logNo=222085481850&parentCategoryNo=&categoryNo=&viewDate=&isShowPopularPosts=false&from=postList,[광주/북구] 신안동 한우실비집에서 생고기비빔밥 먹고 왔어요~
254,https://blog.naver.com/PostView.naver?blogId=oozt6&logNo=222084594915&parentCategoryNo=&categoryNo=&viewDate=&isShowPopularPosts=false&from=postList,심플리쿡 통마늘오일파스타&치킨 편의점 도시락
255,https://blog.naver.com/PostView.naver?blogId=oozt6&logNo=222081783937&parentCategoryNo=&categoryNo=&viewDate=&isShowPopularPosts=false&from=postList,"[광주/서구] 운천동 카페, 스타벅스 금호DT점"
256,https://blog.naver.com/PostView.naver?blogId=oozt6&logNo=222081743578&parentCategoryNo=&categoryNo=&viewDate=&isShowPopularPosts=false&from=postList,[광주/서구] 금호동 걸작떡볶이에서 세트메뉴를 먹고 왔어요~
257,https://blog.naver.com/PostView.naver?blogId=oozt6&logNo=222083452328&parentCategoryNo=&categoryNo=&viewDate=&isShowPopularPosts=false&from=postList,국산 덴탈마스크 추천 비말차단마스크 50매 후기
258,https://blog.naver.com/PostView.naver?blogId=oozt6&logNo=222082657715&parentCategoryNo=&categoryNo=&viewDate=&isShowPopularPosts=false&from=postList,머드팩 추천 VT 버블 스파클링 부스터 3종세트로 집에서 홈케어:)
259,https://blog.naver.com/PostView.naver?blogId=oozt6&logNo=222081763342&parentCategoryNo=&categoryNo=&viewDate=&isShowPopularPosts=false&from=postList,"[광주/동구] 동명동카페, 씨스템(CYSTEM)"
260,https://blog.naver.com/PostView.naver?blogId=oozt6&logNo=222080643084&parentCategoryNo=&categoryNo=&viewDate=&isShowPopularPosts=false&from=postList,BBQ 네고왕 핫크리스피세트 나도 먹었다 후기
261,https://blog.naver.com/PostView.naver?blogId=oozt6&logNo=222080139320&parentCategoryNo=&categoryNo=&viewDate=&isShowPopularPosts=false&from=postList,[광주/북구] 뉴욕버거 광주오치점에서 버거세트를 시켜먹었어요~
262,https://blog.naver.com/PostView.naver?blogId=oozt6&logNo=222080080000&parentCategoryNo=&categoryNo=&viewDate=&isShowPopularPosts=false&from=postList,메세지커피 메세지드립백으로 선물 준비하기
263,https://blog.naver.com/PostView.naver?blogId=oozt6&logNo=222076921963&parentCategoryNo=&categoryNo=&viewDate=&isShowPopularPosts=false&from=postList,"[광주/북구] KFC용봉DT점, 기프티콘 사용하고 왔어요!"
264,https://blog.naver.com/PostView.naver?blogId=oozt6&logNo=222078964835&parentCategoryNo=&categoryNo=&viewDate=&isShowPopularPosts=false&from=postList,해바라기 패브릭포스터 블라인드 내돈내산 후기
265,https://blog.naver.com/PostView.naver?blogId=oozt6&logNo=222078090999&parentCategoryNo=&categoryNo=&viewDate=&isShowPopularPosts=false&from=postList,"ALL 국산 마스크, 에이제닉 프리미엄 데일리 마스크 착용해봤어요~"
266,https://blog.naver.com/PostView.naver?blogId=oozt6&logNo=222077945788&parentCategoryNo=&categoryNo=&viewDate=&isShowPopularPosts=false&from=postList,순한화장품 큐템데일리크림으로 수분관리해요~
267,https://blog.naver.com/PostView.naver?blogId=oozt6&logNo=222076088173&parentCategoryNo=&categoryNo=&viewDate=&isShowPopularPosts=false&from=postList,"[전남/담양] 오래간직하고 싶은 카페, 담양 그림이 있는 방앗간"
268,https://blog.naver.com/PostView.naver?blogId=oozt6&logNo=222076016549&parentCategoryNo=&categoryNo=&viewDate=&isShowPopularPosts=false&from=postList,[광주/남구] 옛날통닭 찾으러 간 부자치킨 무등본점
269,https://blog.naver.com/PostView.naver?blogId=oozt6&logNo=222074020741&parentCategoryNo=&categoryNo=&viewDate=&isShowPopularPosts=false&from=postList,"광주실용음악학원, 가온대중예술아카데미에서 보컬트레이닝 받고 왔어요~!"
270,https://blog.naver.com/PostView.naver?blogId=oozt6&logNo=222072277003&parentCategoryNo=&categoryNo=&viewDate=&isShowPopularPosts=false&from=postList,"모공축소팩, ""썸바이미"" 수퍼 말차 포어 클린 클레이 마스크"
271,https://blog.naver.com/PostView.naver?blogId=oozt6&logNo=222071222019&parentCategoryNo=&categoryNo=&viewDate=&isShowPopularPosts=false&from=postList,[전남/담양] 쌍교숯불갈비에서 떡갈비를 먹고 왔어요~
272,https://blog.naver.com/PostView.naver?blogId=oozt6&logNo=222070235775&parentCategoryNo=&categoryNo=&viewDate=&isShowPopularPosts=false&from=postList,[전남/담양] 아우터베이크하우스(Outer bake house)
273,https://blog.naver.com/PostView.naver?blogId=oozt6&logNo=222069912161&parentCategoryNo=&categoryNo=&viewDate=&isShowPopularPosts=false&from=postList,"힐링에세이, 촌스러워도 괜찮아(다른 사람 시선 신경쓰지 말아요)"
274,https://blog.naver.com/PostView.naver?blogId=oozt6&logNo=222069342743&parentCategoryNo=&categoryNo=&viewDate=&isShowPopularPosts=false&from=postList,"[전남/담양] 초록색 풍경이 있는 카페, 림"
275,https://blog.naver.com/PostView.naver?blogId=oozt6&logNo=222068376405&parentCategoryNo=&categoryNo=&viewDate=&isShowPopularPosts=false&from=postList,[광주/서구] 유스퀘어 롤링파스타(Rolling Pasta)에 다녀왔어요~
276,https://blog.naver.com/PostView.naver?blogId=oozt6&logNo=222065776760&parentCategoryNo=&categoryNo=&viewDate=&isShowPopularPosts=false&from=postList,"[전남/목포] 레트로 감성이 느껴지는 카페,유달유업"
277,https://blog.naver.com/PostView.naver?blogId=oozt6&logNo=222064636751&parentCategoryNo=&categoryNo=&viewDate=&isShowPopularPosts=false&from=postList,[allo] 듀얼팬 알로 휴대용 미니선풍기 사용후기
278,https://blog.naver.com/PostView.naver?blogId=oozt6&logNo=222063748844&parentCategoryNo=&categoryNo=&viewDate=&isShowPopularPosts=false&from=postList,[29CM/쓰리케어] 포켓도시락 점심대용식 세트 (12종 12팩) 내돈내산후기
279,https://blog.naver.com/PostView.naver?blogId=oozt6&logNo=222058263098&parentCategoryNo=&categoryNo=&viewDate=&isShowPopularPosts=false&from=postList,"토이클리너, 르주르 토일렛 커버 클렌저(Le jour for Toilet Cover)"
280,https://blog.naver.com/PostView.naver?blogId=oozt6&logNo=222056629347&parentCategoryNo=&categoryNo=&viewDate=&isShowPopularPosts=false&from=postList,[광주/서구] 오프리다이빙에서 프리다이빙도 배우고 레벨1과정 수료했어요!
281,https://blog.naver.com/PostView.naver?blogId=oozt6&logNo=222054708346&parentCategoryNo=&categoryNo=&viewDate=&isShowPopularPosts=false&from=postList,"충장로 맛집, 광주에서 유명한 유생촌 돈까스 먹고 왔어요~"
282,https://blog.naver.com/PostView.naver?blogId=oozt6&logNo=222053765747&parentCategoryNo=&categoryNo=&viewDate=&isShowPopularPosts=false&from=postList,[광주/서구] 퍼스트바리스타 베이킹학원에서 마카롱 원데이 클래스 받고 왔어요!
283,https://blog.naver.com/PostView.naver?blogId=oozt6&logNo=222050188914&parentCategoryNo=&categoryNo=&viewDate=&isShowPopularPosts=false&from=postList,[광주/서구] 교보문고 상무점 방문기
284,https://blog.naver.com/PostView.naver?blogId=oozt6&logNo=222049134350&parentCategoryNo=&categoryNo=&viewDate=&isShowPopularPosts=false&from=postList,[광주/서구] 연안식당 상무점에서 꼬막 비빔밥과 꽃게살 비빔밥을 먹었어요~
285,https://blog.naver.com/PostView.naver?blogId=oozt6&logNo=222045738479&parentCategoryNo=&categoryNo=&viewDate=&isShowPopularPosts=false&from=postList,"광주 한옥카페, 양림동 펭귄마을 카페 풀(puul)에서 감성충전~"
286,https://blog.naver.com/PostView.naver?blogId=oozt6&logNo=222044083611&parentCategoryNo=&categoryNo=&viewDate=&isShowPopularPosts=false&from=postList,광주 안경점 바른안경 매곡점에서 다양한 안경과 선글라스 구경하고 왔어요~!
287,https://blog.naver.com/PostView.naver?blogId=oozt6&logNo=222041380283&parentCategoryNo=&categoryNo=&viewDate=&isShowPopularPosts=false&from=postList,"[화탁공방] 빛고을 공예협동조합, 도자 도장 선물받았어요~!"
288,https://blog.naver.com/PostView.naver?blogId=oozt6&logNo=222040199668&parentCategoryNo=&categoryNo=&viewDate=&isShowPopularPosts=false&from=postList,밀리의서재 PC버전/PC 뷰어 컴퓨터로 책 읽는 방법
289,https://blog.naver.com/PostView.naver?blogId=oozt6&logNo=222039196769&parentCategoryNo=&categoryNo=&viewDate=&isShowPopularPosts=false&from=postList,[광주/북구] 운암동 더 채움(The Chaeum)
290,https://blog.naver.com/PostView.naver?blogId=oozt6&logNo=222039059869&parentCategoryNo=&categoryNo=&viewDate=&isShowPopularPosts=false&from=postList,[광주/첨단] 위즈뷰(wizbeau)
291,https://blog.naver.com/PostView.naver?blogId=oozt6&logNo=222038054729&parentCategoryNo=&categoryNo=&viewDate=&isShowPopularPosts=false&from=postList,미쓰리님 텀블러 이벤트 당첨 후기♥ 샤넬텀블러 아이스컵
292,https://blog.naver.com/PostView.naver?blogId=oozt6&logNo=222038051390&parentCategoryNo=&categoryNo=&viewDate=&isShowPopularPosts=false&from=postList,"[광주/첨단] 광주 눈썹잘하는 곳, JY 브로우"
293,https://blog.naver.com/PostView.naver?blogId=oozt6&logNo=222034010450&parentCategoryNo=&categoryNo=&viewDate=&isShowPopularPosts=false&from=postList,"[광주/서구] 광주 프로필사진, 라피선데이 스튜디오에서 촬영하고 왔어요~!"
294,https://blog.naver.com/PostView.naver?blogId=oozt6&logNo=222032297379&parentCategoryNo=&categoryNo=&viewDate=&isShowPopularPosts=false&from=postList,스타벅스 핫컵 리유저블 오리지널 텀블러
295,https://blog.naver.com/PostView.naver?blogId=oozt6&logNo=222031607776&parentCategoryNo=&categoryNo=&viewDate=&isShowPopularPosts=false&from=postList,"저칼로리 간식, 자연공감 곤약 쫀드기로 간편하게 해결!"
296,https://blog.naver.com/PostView.naver?blogId=oozt6&logNo=222030382070&parentCategoryNo=&categoryNo=&viewDate=&isShowPopularPosts=false&from=postList,"광주 안경점, 충장로 으뜸플러스안경에서 안경 바꾸고 왔어요~!"
297,https://blog.naver.com/PostView.naver?blogId=oozt6&logNo=222029267491&parentCategoryNo=&categoryNo=&viewDate=&isShowPopularPosts=false&from=postList,[일회용 덴탈 마스크 50매 추천] 베넬 비말차단 마스크 일회용 마스크 50매 사용후기
298,https://blog.naver.com/PostView.naver?blogId=oozt6&logNo=222028533195&parentCategoryNo=&categoryNo=&viewDate=&isShowPopularPosts=false&from=postList,"[광주/서구] 금호동 카페, 마리(kafe mari)"
299,https://blog.naver.com/PostView.naver?blogId=oozt6&logNo=222027878808&parentCategoryNo=&categoryNo=&viewDate=&isShowPopularPosts=false&from=postList,"이마트, 리스토란테 모짜렐라 치즈 피자로 주말 간식 해결하기!"
300,https://blog.naver.com/PostView.naver?blogId=oozt6&logNo=222026810447&parentCategoryNo=&categoryNo=&viewDate=&isShowPopularPosts=false&from=postList,달바러버의 프레스티지 워터리 오일 세럼/워터풀 에센스 선크림/올데이 세럼 메이크업 픽서 리뷰
301,https://blog.naver.com/PostView.naver?blogId=oozt6&logNo=222024593305&parentCategoryNo=&categoryNo=&viewDate=&isShowPopularPosts=false&from=postList,"[헤어에센스] 실크테라피 헤어에센스, 모이스처 트리플 에스"
302,https://blog.naver.com/PostView.naver?blogId=oozt6&logNo=222023691843&parentCategoryNo=&categoryNo=&viewDate=&isShowPopularPosts=false&from=postList,"[책] 오래 준비해온 대답, 김영하의 시칠리아"
303,https://blog.naver.com/PostView.naver?blogId=oozt6&logNo=222023436741&parentCategoryNo=&categoryNo=&viewDate=&isShowPopularPosts=false&from=postList,"[광주/북구] 오치동 카페, 할리스 커피(HOLLYS COFFEE)"
304,https://blog.naver.com/PostView.naver?blogId=oozt6&logNo=222021701472&parentCategoryNo=&categoryNo=&viewDate=&isShowPopularPosts=false&from=postList,"[필링패드] 썸바이미, 아하바하파하 30 데이즈 미라클 트루시카 클리어 패드로 관리하기!"
305,https://blog.naver.com/PostView.naver?blogId=oozt6&logNo=222021040918&parentCategoryNo=&categoryNo=&viewDate=&isShowPopularPosts=false&from=postList,[주말/홈베이킹] 와플메이커로 크로플 만들기
306,https://blog.naver.com/PostView.naver?blogId=oozt6&logNo=222019727615&parentCategoryNo=&categoryNo=&viewDate=&isShowPopularPosts=false&from=postList,"[광주/북구] 신전떡볶이 전남대점에서 떡볶이와 컵밥, 신전김밥 배달해서먹기!"
307,https://blog.naver.com/PostView.naver?blogId=oozt6&logNo=222018952200&parentCategoryNo=&categoryNo=&viewDate=&isShowPopularPosts=false&from=postList,[크몽/별꽃작가] 나만의 일러스트와 캐리커처 주문 제작했어요~
308,https://blog.naver.com/PostView.naver?blogId=oozt6&logNo=222017876739&parentCategoryNo=&categoryNo=&viewDate=&isShowPopularPosts=false&from=postList,[배달음식] BBQ 황금올리브 반반치킨으로 주말 보내기~
309,https://blog.naver.com/PostView.naver?blogId=oozt6&logNo=222017602658&parentCategoryNo=&categoryNo=&viewDate=&isShowPopularPosts=false&from=postList,[직장내 워라벨 높이기] 구글에서 배운 직장인 실무 컴퓨터 활용 45
310,https://blog.naver.com/PostView.naver?blogId=oozt6&logNo=222013990616&parentCategoryNo=&categoryNo=&viewDate=&isShowPopularPosts=false&from=postList,"[광주/남구] 양림동, 센트 팩토리(SCENT FACTORY)"
311,https://blog.naver.com/PostView.naver?blogId=oozt6&logNo=222014758350&parentCategoryNo=&categoryNo=&viewDate=&isShowPopularPosts=false&from=postList,쿠진아트(Cuisinart) 파니니그릴&와플메이커로 생지 크로플 만들었어요~
312,https://blog.naver.com/PostView.naver?blogId=oozt6&logNo=222013782013&parentCategoryNo=&categoryNo=&viewDate=&isShowPopularPosts=false&from=postList,"[광주/광산구] 수완지구 카페, 오르브와(Au Revoir)"
313,https://blog.naver.com/PostView.naver?blogId=oozt6&logNo=222013706044&parentCategoryNo=&categoryNo=&viewDate=&isShowPopularPosts=false&from=postList,"소니 알파6000, 동영상 파일 형식 바꾸기 (AVCHD->MP4) / 와이파이 연결하기"
314,https://blog.naver.com/PostView.naver?blogId=oozt6&logNo=222013646798&parentCategoryNo=&categoryNo=&viewDate=&isShowPopularPosts=false&from=postList,"[광주/남구] 양림동 카페, 힐사이드 양림(HILLSIDE)"
315,https://blog.naver.com/PostView.naver?blogId=oozt6&logNo=222013345541&parentCategoryNo=&categoryNo=&viewDate=&isShowPopularPosts=false&from=postList,"[광주/서구] 쌍촌동, 아이즈네일(IZ nail)에서 올해 첫 페디큐어 하고 왔어요~"
316,https://blog.naver.com/PostView.naver?blogId=oozt6&logNo=222010557661&parentCategoryNo=&categoryNo=&viewDate=&isShowPopularPosts=false&from=postList,"[광주/광산구] 수완지구, 플레이트 에잇(PLATE8)"
317,https://blog.naver.com/PostView.naver?blogId=oozt6&logNo=222009602167&parentCategoryNo=&categoryNo=&viewDate=&isShowPopularPosts=false&from=postList,"[광주/남구] 봉선동 카페, 보램보램(bol_mbol_m)"
318,https://blog.naver.com/PostView.naver?blogId=oozt6&logNo=222008633409&parentCategoryNo=&categoryNo=&viewDate=&isShowPopularPosts=false&from=postList,[아이폰투명케이스] 리어드 아이언 케이스로 바꿨어요~
319,https://blog.naver.com/PostView.naver?blogId=oozt6&logNo=222008585221&parentCategoryNo=&categoryNo=&viewDate=&isShowPopularPosts=false&from=postList,"[광주/남구] 양림동, 양림버거에서 수제버거를 맛봤어요~"
320,https://blog.naver.com/PostView.naver?blogId=oozt6&logNo=222006680711&parentCategoryNo=&categoryNo=&viewDate=&isShowPopularPosts=false&from=postList,"[광주/광산구] 신창동 카페, 마들렌 살롱"
321,https://blog.naver.com/PostView.naver?blogId=oozt6&logNo=222006676284&parentCategoryNo=&categoryNo=&viewDate=&isShowPopularPosts=false&from=postList,[에어컨 청소] LG 휘센 가정용 스탠드에어컨 필터 청소하기!
322,https://blog.naver.com/PostView.naver?blogId=oozt6&logNo=222005692153&parentCategoryNo=&categoryNo=&viewDate=&isShowPopularPosts=false&from=postList,[신창동 왁싱] 아우라왁싱에서 눈썹왁싱하고 왔어요~!
323,https://blog.naver.com/PostView.naver?blogId=oozt6&logNo=222005671662&parentCategoryNo=&categoryNo=&viewDate=&isShowPopularPosts=false&from=postList,[그립톡 추천] 티피티포(tipitipo) 미러골드하트 그립톡으로 고급스럽게~
324,https://blog.naver.com/PostView.naver?blogId=oozt6&logNo=222003476293&parentCategoryNo=&categoryNo=&viewDate=&isShowPopularPosts=false&from=postList,[곡성/옥과] 영진 바지락 칼국수
325,https://blog.naver.com/PostView.naver?blogId=oozt6&logNo=222003418801&parentCategoryNo=&categoryNo=&viewDate=&isShowPopularPosts=false&from=postList,[책리뷰] 맛있게 살 빠지는 고단백 저탄수화물 다이어트 레시피
326,https://blog.naver.com/PostView.naver?blogId=oozt6&logNo=222002560065&parentCategoryNo=&categoryNo=&viewDate=&isShowPopularPosts=false&from=postList,"소니(SONY)미러리스카메라, 알파6000 정품 등록하기"
327,https://blog.naver.com/PostView.naver?blogId=oozt6&logNo=222002306974&parentCategoryNo=&categoryNo=&viewDate=&isShowPopularPosts=false&from=postList,코맥(COMAC) 핸드드립 세트로 홈카페 만들기!
328,https://blog.naver.com/PostView.naver?blogId=oozt6&logNo=222001896473&parentCategoryNo=&categoryNo=&viewDate=&isShowPopularPosts=false&from=postList,"광주 커플링 쥬얼리, 예물 선물 불로동 도쿄앤펄 다녀왔어요~"
329,https://blog.naver.com/PostView.naver?blogId=oozt6&logNo=222001845128&parentCategoryNo=&categoryNo=&viewDate=&isShowPopularPosts=false&from=postList,"용봉동 족발 맛집, 참숯으로 구운 '깐깐한 족발(깐족)'"
330,https://blog.naver.com/PostView.naver?blogId=oozt6&logNo=221998961768&parentCategoryNo=&categoryNo=&viewDate=&isShowPopularPosts=false&from=postList,나만의 컬러를 닮은 핸드폰케이스는 마너닝 추천해요!
331,https://blog.naver.com/PostView.naver?blogId=oozt6&logNo=221998383174&parentCategoryNo=&categoryNo=&viewDate=&isShowPopularPosts=false&from=postList,"[광주/서구] 금호동, 산수옥 모밀 전문점"
332,https://blog.naver.com/PostView.naver?blogId=oozt6&logNo=221995923151&parentCategoryNo=&categoryNo=&viewDate=&isShowPopularPosts=false&from=postList,"[젤리스틱 추천] 네이처드림, 시크릿 호박 스틱"
333,https://blog.naver.com/PostView.naver?blogId=oozt6&logNo=221995950283&parentCategoryNo=&categoryNo=&viewDate=&isShowPopularPosts=false&from=postList,"[광주/북구] 오치동 카페, 커피야(COFFEE:YA)"
334,https://blog.naver.com/PostView.naver?blogId=oozt6&logNo=221995850893&parentCategoryNo=&categoryNo=&viewDate=&isShowPopularPosts=false&from=postList,"통통 튀는 감각적인 에어팟 케이스, 라켓 케이스에서 구입했어요~"
335,https://blog.naver.com/PostView.naver?blogId=oozt6&logNo=221995031871&parentCategoryNo=&categoryNo=&viewDate=&isShowPopularPosts=false&from=postList,"[광주/동구] 동명동 카페, 오버롤(OVERALL)"
336,https://blog.naver.com/PostView.naver?blogId=oozt6&logNo=221994959478&parentCategoryNo=&categoryNo=&viewDate=&isShowPopularPosts=false&from=postList,[핸드폰케이스 추천] 라이크에이블에서 아이폰케이스 바꿨어요~
337,https://blog.naver.com/PostView.naver?blogId=oozt6&logNo=221993931127&parentCategoryNo=&categoryNo=&viewDate=&isShowPopularPosts=false&from=postList,"[VT/히알루론산 화장품] VT슈퍼히알론폼클렌저,VT슈퍼히알론세럼 여름철 피부관리해요~"
338,https://blog.naver.com/PostView.naver?blogId=oozt6&logNo=221990777555&parentCategoryNo=&categoryNo=&viewDate=&isShowPopularPosts=false&from=postList,[광주/동구] 광주 동명동 카페 '콩썸'
339,https://blog.naver.com/PostView.naver?blogId=oozt6&logNo=221988434374&parentCategoryNo=&categoryNo=&viewDate=&isShowPopularPosts=false&from=postList,"[광주/북구] 신안동 카페, 다올에서 밥먹기"
340,https://blog.naver.com/PostView.naver?blogId=oozt6&logNo=221987321921&parentCategoryNo=&categoryNo=&viewDate=&isShowPopularPosts=false&from=postList,"[배달음식] 피자 알볼로, 핫스파이시치킨 피자"
341,https://blog.naver.com/PostView.naver?blogId=oozt6&logNo=221987200805&parentCategoryNo=&categoryNo=&viewDate=&isShowPopularPosts=false&from=postList,"[취미생활] 다이소, 고기친구 텃밭세트로 상추기르기"
342,https://blog.naver.com/PostView.naver?blogId=oozt6&logNo=221980156207&parentCategoryNo=&categoryNo=&viewDate=&isShowPopularPosts=false&from=postList,"[광주/북구] 신안동, 대왕김밥에서 새우초밥김밥/캘리포니아롤/돈까스/라볶이 포장하기"
343,https://blog.naver.com/PostView.naver?blogId=oozt6&logNo=221979045371&parentCategoryNo=&categoryNo=&viewDate=&isShowPopularPosts=false&from=postList,"[광주/북구] 오치동, 명품떡볶이 청년다방에서 차돌떡볶이를!"
344,https://blog.naver.com/PostView.naver?blogId=oozt6&logNo=221976806059&parentCategoryNo=&categoryNo=&viewDate=&isShowPopularPosts=false&from=postList,"[광주/동구] 충장로 카페, 플루크(FLUKE) 카페"
345,https://blog.naver.com/PostView.naver?blogId=oozt6&logNo=221976065802&parentCategoryNo=&categoryNo=&viewDate=&isShowPopularPosts=false&from=postList,"[광주/동구] 충장로 맛집, 남도분식에서 분식뿌시기!"
346,https://blog.naver.com/PostView.naver?blogId=oozt6&logNo=221974383138&parentCategoryNo=&categoryNo=&viewDate=&isShowPopularPosts=false&from=postList,"[광주/동구] 동명동 휘핑디에그, 선물 받은 마카롱"
347,https://blog.naver.com/PostView.naver?blogId=oozt6&logNo=221972753791&parentCategoryNo=&categoryNo=&viewDate=&isShowPopularPosts=false&from=postList,"[선크림 추천] 달바, 워터풀 에센스 선크림"
348,https://blog.naver.com/PostView.naver?blogId=oozt6&logNo=221970464839&parentCategoryNo=&categoryNo=&viewDate=&isShowPopularPosts=false&from=postList,[광주/북구] 쿠쿠 서비스센터 용봉점 방문기/쿠쿠 고무패킹 교체
349,https://blog.naver.com/PostView.naver?blogId=oozt6&logNo=221962452869&parentCategoryNo=&categoryNo=&viewDate=&isShowPopularPosts=false&from=postList,광주 '스타쿠킹'에서 다쿠아즈 쌀 베이킹 클래스 배우고 왔어요~!
350,https://blog.naver.com/PostView.naver?blogId=oozt6&logNo=221962203523&parentCategoryNo=&categoryNo=&viewDate=&isShowPopularPosts=false&from=postList,[광주/동구] 동명동 술집 '문식당(MOON SIKDANG)' 다녀왔어요~
351,https://blog.naver.com/PostView.naver?blogId=oozt6&logNo=221960519135&parentCategoryNo=&categoryNo=&viewDate=&isShowPopularPosts=false&from=postList,[다이소] 애견용품/애견간식/애견미용용품/애견장난감 구입 후기
352,https://blog.naver.com/PostView.naver?blogId=oozt6&logNo=221958436358&parentCategoryNo=&categoryNo=&viewDate=&isShowPopularPosts=false&from=postList,[광주/북구] 첨단돌솥감자탕에서 묵은지 돌솥 뼈해장국 먹었어요~
353,https://blog.naver.com/PostView.naver?blogId=oozt6&logNo=221952086033&parentCategoryNo=&categoryNo=&viewDate=&isShowPopularPosts=false&from=postList,[광주/북구] 상무초밥 용봉점 특선초밥 포장해서 먹기!
354,https://blog.naver.com/PostView.naver?blogId=oozt6&logNo=221951941414&parentCategoryNo=&categoryNo=&viewDate=&isShowPopularPosts=false&from=postList,"[광주/서구] 신세계백화점 푸드코트, '도제' 유부초밥"
355,https://blog.naver.com/PostView.naver?blogId=oozt6&logNo=221948278909&parentCategoryNo=&categoryNo=&viewDate=&isShowPopularPosts=false&from=postList,[전남/완도] 완도호떡사랑에서 전복치즈호떡 먹었어요~
356,https://blog.naver.com/PostView.naver?blogId=oozt6&logNo=221935716830&parentCategoryNo=&categoryNo=&viewDate=&isShowPopularPosts=false&from=postList,[광주/신세계 푸드코트] 팡파미유 강릉육쪽마늘빵
357,https://blog.naver.com/PostView.naver?blogId=oozt6&logNo=221930070139&parentCategoryNo=&categoryNo=&viewDate=&isShowPopularPosts=false&from=postList,[광주/배달음식] BHC 뿌링클+뿌링치즈볼+콜라1.25L 세트 시켜먹기
358,https://blog.naver.com/PostView.naver?blogId=oozt6&logNo=221922660863&parentCategoryNo=&categoryNo=&viewDate=&isShowPopularPosts=false&from=postList,[광주/배달음식] 삼첩분식에서 크리스피무뼈닭발 세트를!
359,https://blog.naver.com/PostView.naver?blogId=oozt6&logNo=221918607983&parentCategoryNo=&categoryNo=&viewDate=&isShowPopularPosts=false&from=postList,"[광주/북구] 신안동 카페, 2ri coffee (투리커피)"
360,https://blog.naver.com/PostView.naver?blogId=oozt6&logNo=221913382013&parentCategoryNo=&categoryNo=&viewDate=&isShowPopularPosts=false&from=postList,"[광주/북구] 오치동, 숯불구이포차 '친구'"
361,https://blog.naver.com/PostView.naver?blogId=oozt6&logNo=221909612598&parentCategoryNo=&categoryNo=&viewDate=&isShowPopularPosts=false&from=postList,"[광주/북구] 운암동 카페, 카페 썸라인(CAFE SOME-LINE)"
362,https://blog.naver.com/PostView.naver?blogId=oozt6&logNo=221907528439&parentCategoryNo=&categoryNo=&viewDate=&isShowPopularPosts=false&from=postList,[광주/매곡동] 듣는가게
363,https://blog.naver.com/PostView.naver?blogId=oozt6&logNo=221907455961&parentCategoryNo=&categoryNo=&viewDate=&isShowPopularPosts=false&from=postList,"[광주 청년드림] 7기 지원과 서류 제출, 비대면 면접 후기"
364,https://blog.naver.com/PostView.naver?blogId=oozt6&logNo=221899381880&parentCategoryNo=&categoryNo=&viewDate=&isShowPopularPosts=false&from=postList,"[소니카메라/미러리스 카메라] 소니, 알파6000 개봉기"
365,https://blog.naver.com/PostView.naver?blogId=oozt6&logNo=221897416821&parentCategoryNo=&categoryNo=&viewDate=&isShowPopularPosts=false&from=postList,[광주/북구] 오치동 스타벅스에서 벚꽃 신메뉴를 먹었어요~
366,https://blog.naver.com/PostView.naver?blogId=oozt6&logNo=221891861637&parentCategoryNo=&categoryNo=&viewDate=&isShowPopularPosts=false&from=postList,"[광주/가볼만한 곳] 북구, 김용학가옥의 벚꽃풍경"
367,https://blog.naver.com/PostView.naver?blogId=oozt6&logNo=221890288851&parentCategoryNo=&categoryNo=&viewDate=&isShowPopularPosts=false&from=postList,"[광주/가볼만한 곳] 동구, 학동 홍림교 벚꽃길"
368,https://blog.naver.com/PostView.naver?blogId=oozt6&logNo=221885577505&parentCategoryNo=&categoryNo=&viewDate=&isShowPopularPosts=false&from=postList,"약산성토너 추천, 썸바이미 유자 나이아신 브라이트닝 토너 추천해요!"
369,https://blog.naver.com/PostView.naver?blogId=oozt6&logNo=221875928031&parentCategoryNo=&categoryNo=&viewDate=&isShowPopularPosts=false&from=postList,Part1. 커피학개론
370,https://blog.naver.com/PostView.naver?blogId=oozt6&logNo=221874050070&parentCategoryNo=&categoryNo=&viewDate=&isShowPopularPosts=false&from=postList,[광주/광산구] 이디야 송정DI점/ 걸작떡복이 송정 선운점
371,https://blog.naver.com/PostView.naver?blogId=oozt6&logNo=221872565470&parentCategoryNo=&categoryNo=&viewDate=&isShowPopularPosts=false&from=postList,"[광주/북구] 마카롱 카페, 아워페이보릿띵스(Our favorite things)"
372,https://blog.naver.com/PostView.naver?blogId=oozt6&logNo=221870474184&parentCategoryNo=&categoryNo=&viewDate=&isShowPopularPosts=false&from=postList,Part1. 커피학개론
373,https://blog.naver.com/PostView.naver?blogId=oozt6&logNo=221870452329&parentCategoryNo=&categoryNo=&viewDate=&isShowPopularPosts=false&from=postList,"[광주/가볼만한 곳] 전남대, 꽃놀이"
374,https://blog.naver.com/PostView.naver?blogId=oozt6&logNo=221865332620&parentCategoryNo=&categoryNo=&viewDate=&isShowPopularPosts=false&from=postList,[광주/북구] 던킨도너츠(DUNKIN DONUTS)
375,https://blog.naver.com/PostView.naver?blogId=oozt6&logNo=221859993398&parentCategoryNo=&categoryNo=&viewDate=&isShowPopularPosts=false&from=postList,Part3. 에스프레소 추출
376,https://blog.naver.com/PostView.naver?blogId=oozt6&logNo=221858758798&parentCategoryNo=&categoryNo=&viewDate=&isShowPopularPosts=false&from=postList,PART3. 커피추출
377,https://blog.naver.com/PostView.naver?blogId=oozt6&logNo=221855196785&parentCategoryNo=&categoryNo=&viewDate=&isShowPopularPosts=false&from=postList,"[광주/북구] 매곡동 빵집, 썬 베이커리(SUN BAKERY)"
378,https://blog.naver.com/PostView.naver?blogId=oozt6&logNo=221851773880&parentCategoryNo=&categoryNo=&viewDate=&isShowPopularPosts=false&from=postList,PART2. 커피 로스팅과 향미 평가
379,https://blog.naver.com/PostView.naver?blogId=oozt6&logNo=221851729563&parentCategoryNo=&categoryNo=&viewDate=&isShowPopularPosts=false&from=postList,"[롭스/미스트 추천] 엘리샤코이, '순수 우유 크림미스트'"
380,https://blog.naver.com/PostView.naver?blogId=oozt6&logNo=221849815174&parentCategoryNo=&categoryNo=&viewDate=&isShowPopularPosts=false&from=postList,"[광주/북구] 오치동 카페, 원앤식스 커피(ONE &SIX COFFEE)"
381,https://blog.naver.com/PostView.naver?blogId=oozt6&logNo=221846901101&parentCategoryNo=&categoryNo=&viewDate=&isShowPopularPosts=false&from=postList,"[광주/북구] 담양 카페, 인플로우(INFLOW)"
382,https://blog.naver.com/PostView.naver?blogId=oozt6&logNo=221841844205&parentCategoryNo=&categoryNo=&viewDate=&isShowPopularPosts=false&from=postList,[광주/서구] '식빵이 맛있는 빵가게' BBANG ZIP
383,https://blog.naver.com/PostView.naver?blogId=oozt6&logNo=221835472440&parentCategoryNo=&categoryNo=&viewDate=&isShowPopularPosts=false&from=postList,"[광주/동구] 동명동, 브런치카페 '코발트(COBALT)'"
384,https://blog.naver.com/PostView.naver?blogId=oozt6&logNo=221832064750&parentCategoryNo=&categoryNo=&viewDate=&isShowPopularPosts=false&from=postList,"[광주/광산구] 첨단 중식당, 새벽달"
385,https://blog.naver.com/PostView.naver?blogId=oozt6&logNo=221830525252&parentCategoryNo=&categoryNo=&viewDate=&isShowPopularPosts=false&from=postList,"[광주/북구] 전대후문 카페, 더 스누즈 버튼(SNOOZE BUTTON)"
386,https://blog.naver.com/PostView.naver?blogId=oozt6&logNo=221829233607&parentCategoryNo=&categoryNo=&viewDate=&isShowPopularPosts=false&from=postList,"[핸드크림 추천] 록시땅, 시어 드라이 스킨 핸드 크림"
387,https://blog.naver.com/PostView.naver?blogId=oozt6&logNo=221827092866&parentCategoryNo=&categoryNo=&viewDate=&isShowPopularPosts=false&from=postList,"[광주/북구] 전대후문 카페, 럭키세븐(LUCKY 7 COFFEE)"
388,https://blog.naver.com/PostView.naver?blogId=oozt6&logNo=221825815332&parentCategoryNo=&categoryNo=&viewDate=&isShowPopularPosts=false&from=postList,"[광주/동구] 동명동 카페, 플로리다(florida)"
389,https://blog.naver.com/PostView.naver?blogId=oozt6&logNo=221823152613&parentCategoryNo=&categoryNo=&viewDate=&isShowPopularPosts=false&from=postList,"[광주/동구] 예술길, 마카롱이 맛있는 곳 '더 플레인'"
390,https://blog.naver.com/PostView.naver?blogId=oozt6&logNo=221822721543&parentCategoryNo=&categoryNo=&viewDate=&isShowPopularPosts=false&from=postList,"[광주/동구] 동명동, 카페 오디너리 디저트"
391,https://blog.naver.com/PostView.naver?blogId=oozt6&logNo=221819984259&parentCategoryNo=&categoryNo=&viewDate=&isShowPopularPosts=false&from=postList,"[광주/광산구] 카페, 서플라이(SUPPLY) 첨단점"
392,https://blog.naver.com/PostView.naver?blogId=oozt6&logNo=221819947899&parentCategoryNo=&categoryNo=&viewDate=&isShowPopularPosts=false&from=postList,"[광주 전시] 광주시립미술관, 타임 큐비즘(TIME CUBISM)/바람이 지나간 자리"
393,https://blog.naver.com/PostView.naver?blogId=oozt6&logNo=221818555393&parentCategoryNo=&categoryNo=&viewDate=&isShowPopularPosts=false&from=postList,"[광주/동구] 동명동, 카페 수르르"
394,https://blog.naver.com/PostView.naver?blogId=oozt6&logNo=221818106367&parentCategoryNo=&categoryNo=&viewDate=&isShowPopularPosts=false&from=postList,"[광주/동구] 동명동, 카페겸 책방 타인의 책 '지음책방'"
395,https://blog.naver.com/PostView.naver?blogId=oozt6&logNo=221816027003&parentCategoryNo=&categoryNo=&viewDate=&isShowPopularPosts=false&from=postList,"[광주/동구] 서석동, 카페 LDB (Low Deep Being still) 로우딥빙스틸"
396,https://blog.naver.com/PostView.naver?blogId=oozt6&logNo=221810641399&parentCategoryNo=&categoryNo=&viewDate=&isShowPopularPosts=false&from=postList,"[광주/북구] 용봉동, FLS커피(Feel Like Some Coffee)"
397,https://blog.naver.com/PostView.naver?blogId=oozt6&logNo=221804899841&parentCategoryNo=&categoryNo=&viewDate=&isShowPopularPosts=false&from=postList,"[광주/북구] 일곡동, 카페 모노라보르"
398,https://blog.naver.com/PostView.naver?blogId=oozt6&logNo=221801536884&parentCategoryNo=&categoryNo=&viewDate=&isShowPopularPosts=false&from=postList,"[광주/동구] 동명동, 파스토푸드"
399,https://blog.naver.com/PostView.naver?blogId=oozt6&logNo=221800540355&parentCategoryNo=&categoryNo=&viewDate=&isShowPopularPosts=false&from=postList,"[광주 전시] 아시아문화전당(ACC), 그녀의 이름은/이주서사/공작인 전시회"
400,https://blog.naver.com/PostView.naver?blogId=oozt6&logNo=221800503621&parentCategoryNo=&categoryNo=&viewDate=&isShowPopularPosts=false&from=postList,"[광주/북구] 두암동 카페, 모모라(MOMOLA)"
401,https://blog.naver.com/PostView.naver?blogId=oozt6&logNo=221791483453&parentCategoryNo=&categoryNo=&viewDate=&isShowPopularPosts=false&from=postList,"[에어팟케이스/에어팟 케이스 추천] 카카오, 리틀어피치(텐바이텐)"
402,https://blog.naver.com/PostView.naver?blogId=oozt6&logNo=221789791469&parentCategoryNo=&categoryNo=&viewDate=&isShowPopularPosts=false&from=postList,"[광주/쌍촌동] 브런치 카페, 미드픽(midpick)"
403,https://blog.naver.com/PostView.naver?blogId=oozt6&logNo=221787398282&parentCategoryNo=&categoryNo=&viewDate=&isShowPopularPosts=false&from=postList,"[광주 전시회] 빛이 남긴 감정, 에이피 사진전(AP 사진전)"
404,https://blog.naver.com/PostView.naver?blogId=oozt6&logNo=221720989053&parentCategoryNo=&categoryNo=&viewDate=&isShowPopularPosts=false&from=postList,[광주/북구] 용봉동 '필링'
