,Link충북,Title충북,Link프리다이빙,Title프리다이빙
0,https://blog.naver.com/PostView.naver?blogId=yaesul1205&logNo=80138194719&parentCategoryNo=&categoryNo=&viewDate=&isShowPopularPosts=false&from=postList,[충북]씨앤씨홀스팜,https://blog.naver.com/PostView.naver?blogId=yaesul1205&logNo=222276642478&parentCategoryNo=&categoryNo=&viewDate=&isShowPopularPosts=false&from=postList,성남종합스포츠센터에서 프리다이빙 배우기
1,https://blog.naver.com/PostView.naver?blogId=yaesul1205&logNo=80136767221&parentCategoryNo=&categoryNo=&viewDate=&isShowPopularPosts=false&from=postList,[충북]제천승마클럽,https://blog.naver.com/PostView.naver?blogId=yaesul1205&logNo=222201017165&parentCategoryNo=&categoryNo=&viewDate=&isShowPopularPosts=false&from=postList,"2021 프리다이빙 자격증 교육 안내 (코스, 비용, 커리큘럼)"
2,,,https://blog.naver.com/PostView.naver?blogId=yaesul1205&logNo=222172668919&parentCategoryNo=&categoryNo=&viewDate=&isShowPopularPosts=false&from=postList,프리다이빙 덕다이빙 배우기_ 예쁜 덕다이빙 하는법
3,,,https://blog.naver.com/PostView.naver?blogId=yaesul1205&logNo=222150522179&parentCategoryNo=&categoryNo=&viewDate=&isShowPopularPosts=false&from=postList,프리다이빙 장비리뷰_ 디플리 랜야드
4,,,https://blog.naver.com/PostView.naver?blogId=yaesul1205&logNo=222143534846&parentCategoryNo=&categoryNo=&viewDate=&isShowPopularPosts=false&from=postList,프리다이빙 백팩 추천_ 디플레 트레일블레이저
5,,,https://blog.naver.com/PostView.naver?blogId=yaesul1205&logNo=222125982066&parentCategoryNo=&categoryNo=&viewDate=&isShowPopularPosts=false&from=postList,프리다이빙 자격증 취득_ 쉘 위 프리다이브 겨울 교육안내
6,,,https://blog.naver.com/PostView.naver?blogId=yaesul1205&logNo=222107702231&parentCategoryNo=&categoryNo=&viewDate=&isShowPopularPosts=false&from=postList,캐리비안베이에서 프리다이빙을~ 마지막 여름 즐기기
7,,,https://blog.naver.com/PostView.naver?blogId=yaesul1205&logNo=222081004248&parentCategoryNo=&categoryNo=&viewDate=&isShowPopularPosts=false&from=postList,프리다이빙 노즈클립_ 디플리 바나나 노즈클립 장비리뷰
8,,,https://blog.naver.com/PostView.naver?blogId=yaesul1205&logNo=222075204092&parentCategoryNo=&categoryNo=&viewDate=&isShowPopularPosts=false&from=postList,K26 잠수풀에서의 브로맨스 프리다이빙 교육후기
9,,,https://blog.naver.com/PostView.naver?blogId=yaesul1205&logNo=222056982540&parentCategoryNo=&categoryNo=&viewDate=&isShowPopularPosts=false&from=postList,용인수영장에서 진행한 프리다이빙 다이나믹 교육시간
10,,,https://blog.naver.com/PostView.naver?blogId=yaesul1205&logNo=222054019651&parentCategoryNo=&categoryNo=&viewDate=&isShowPopularPosts=false&from=postList,프리다이빙 장비 리뷰- 디플리 이스케이프 롱핀 백
11,,,https://blog.naver.com/PostView.naver?blogId=yaesul1205&logNo=222045325617&parentCategoryNo=&categoryNo=&viewDate=&isShowPopularPosts=false&from=postList,프리다이빙 핀- 리더핀 리폼(리더핀 조금 더 알차게 쓰기)
12,,,https://blog.naver.com/PostView.naver?blogId=yaesul1205&logNo=222039543631&parentCategoryNo=&categoryNo=&viewDate=&isShowPopularPosts=false&from=postList,프리다이빙 교육 안내_ 쉘 위 프리다이브 [8월 스케쥴]
13,,,https://blog.naver.com/PostView.naver?blogId=yaesul1205&logNo=222038362215&parentCategoryNo=&categoryNo=&viewDate=&isShowPopularPosts=false&from=postList,2020 여름 프리다이빙 투어_안면도 해루질 스킨다이빙
14,,,https://blog.naver.com/PostView.naver?blogId=yaesul1205&logNo=222028702208&parentCategoryNo=&categoryNo=&viewDate=&isShowPopularPosts=false&from=postList,프리다이빙 부이 로프 셋팅하기 (with 디플리 바텀플레이트)
15,,,https://blog.naver.com/PostView.naver?blogId=yaesul1205&logNo=222027232481&parentCategoryNo=&categoryNo=&viewDate=&isShowPopularPosts=false&from=postList,프리다이빙용 장갑 추천_ 디플리 슈퍼스트레치 글러브
16,,,https://blog.naver.com/PostView.naver?blogId=yaesul1205&logNo=222013000836&parentCategoryNo=&categoryNo=&viewDate=&isShowPopularPosts=false&from=postList,프리다이빙 자격증_ 쉘 위 프리다이브[7월 교육안내]
17,,,https://blog.naver.com/PostView.naver?blogId=yaesul1205&logNo=221997675785&parentCategoryNo=&categoryNo=&viewDate=&isShowPopularPosts=false&from=postList,디플리 프리다이빙 서포터즈 1기로 활동하게 되었어요
18,,,https://blog.naver.com/PostView.naver?blogId=yaesul1205&logNo=221991456144&parentCategoryNo=&categoryNo=&viewDate=&isShowPopularPosts=false&from=postList,6월 프리다이빙 교육 스케쥴 안내_쉘 위 프리다이브
19,,,https://blog.naver.com/PostView.naver?blogId=yaesul1205&logNo=221974651269&parentCategoryNo=&categoryNo=&viewDate=&isShowPopularPosts=false&from=postList,"잠수풀장 입장하기, 프리다이빙 레벨별 정리!"
20,,,https://blog.naver.com/PostView.naver?blogId=yaesul1205&logNo=221971814596&parentCategoryNo=&categoryNo=&viewDate=&isShowPopularPosts=false&from=postList,프리다이빙 모노핀 원데이클래스 (모집안내)
21,,,https://blog.naver.com/PostView.naver?blogId=yaesul1205&logNo=221963284179&parentCategoryNo=&categoryNo=&viewDate=&isShowPopularPosts=false&from=postList,수원 잠수풀에서의 AIDA2 프리다이빙 교육!
22,,,https://blog.naver.com/PostView.naver?blogId=yaesul1205&logNo=221952314519&parentCategoryNo=&categoryNo=&viewDate=&isShowPopularPosts=false&from=postList,"프리다이빙 이론수업, 무엇을 배우나요?(AIDA2)"
23,,,https://blog.naver.com/PostView.naver?blogId=yaesul1205&logNo=221922873385&parentCategoryNo=&categoryNo=&viewDate=&isShowPopularPosts=false&from=postList,프리다이빙 슈트- 베스트 다이브 양면슈트
24,,,https://blog.naver.com/PostView.naver?blogId=yaesul1205&logNo=221913615940&parentCategoryNo=&categoryNo=&viewDate=&isShowPopularPosts=false&from=postList,프리다이빙 가방 리뷰- 타메라 매쉬핀백
25,,,https://blog.naver.com/PostView.naver?blogId=yaesul1205&logNo=221909650319&parentCategoryNo=&categoryNo=&viewDate=&isShowPopularPosts=false&from=postList,프리다이빙 번개_ 경영풀장에서의 트레이닝!
26,,,https://blog.naver.com/PostView.naver?blogId=yaesul1205&logNo=221904200413&parentCategoryNo=&categoryNo=&viewDate=&isShowPopularPosts=false&from=postList,프리다이빙 자격증 취득하기_초급과정_AIDA2 소개
27,,,https://blog.naver.com/PostView.naver?blogId=yaesul1205&logNo=221858536668&parentCategoryNo=&categoryNo=&viewDate=&isShowPopularPosts=false&from=postList,버킷리스트 추천_ 프리다이빙
28,,,https://blog.naver.com/PostView.naver?blogId=yaesul1205&logNo=221820916261&parentCategoryNo=&categoryNo=&viewDate=&isShowPopularPosts=false&from=postList,프리다이빙 부이 셋팅하기_ 부이별 리뷰
29,,,https://blog.naver.com/PostView.naver?blogId=yaesul1205&logNo=221818542144&parentCategoryNo=&categoryNo=&viewDate=&isShowPopularPosts=false&from=postList,프리다이빙 핀 가방- 타메라 락핀백 장비리뷰
30,,,https://blog.naver.com/PostView.naver?blogId=yaesul1205&logNo=221811414312&parentCategoryNo=&categoryNo=&viewDate=&isShowPopularPosts=false&from=postList,k26 에서의 프리다이빙 연습하기:)
31,,,https://blog.naver.com/PostView.naver?blogId=yaesul1205&logNo=221786741892&parentCategoryNo=&categoryNo=&viewDate=&isShowPopularPosts=false&from=postList,겨울바다 프리다이빙 feat. 제주도
32,,,https://blog.naver.com/PostView.naver?blogId=yaesul1205&logNo=221751185614&parentCategoryNo=&categoryNo=&viewDate=&isShowPopularPosts=false&from=postList,성남스포츠센터에서의 프리다이빙 모임 후기:)
33,,,https://blog.naver.com/PostView.naver?blogId=yaesul1205&logNo=221725012894&parentCategoryNo=&categoryNo=&viewDate=&isShowPopularPosts=false&from=postList,프리다이빙 핀 리뷰_ 몰차노브 유리섬유핀
34,,,https://blog.naver.com/PostView.naver?blogId=yaesul1205&logNo=221717163226&parentCategoryNo=&categoryNo=&viewDate=&isShowPopularPosts=false&from=postList,(프리다이버들을 위한) 프리다이빙 가방 선택하기
35,,,https://blog.naver.com/PostView.naver?blogId=yaesul1205&logNo=221711716384&parentCategoryNo=&categoryNo=&viewDate=&isShowPopularPosts=false&from=postList,프리다이빙 장비 정리하기! 장비별 정리방법
36,,,https://blog.naver.com/PostView.naver?blogId=yaesul1205&logNo=221699206227&parentCategoryNo=&categoryNo=&viewDate=&isShowPopularPosts=false&from=postList,k26에서의 AIDA2 프리다이빙 실습!
37,,,https://blog.naver.com/PostView.naver?blogId=yaesul1205&logNo=221693507831&parentCategoryNo=&categoryNo=&viewDate=&isShowPopularPosts=false&from=postList,성남스포츠센터에서의 프리다이빙 번개 후기:)_ 쉘위프리다이브
38,,,https://blog.naver.com/PostView.naver?blogId=yaesul1205&logNo=221673588906&parentCategoryNo=&categoryNo=&viewDate=&isShowPopularPosts=false&from=postList,"프리다이빙 입수법, 덕다이빙 배워보기!"
39,,,https://blog.naver.com/PostView.naver?blogId=yaesul1205&logNo=221666116477&parentCategoryNo=&categoryNo=&viewDate=&isShowPopularPosts=false&from=postList,프리다이빙 투어_ 쉘프다 제주투어 후기
40,,,https://blog.naver.com/PostView.naver?blogId=yaesul1205&logNo=221665267050&parentCategoryNo=&categoryNo=&viewDate=&isShowPopularPosts=false&from=postList,프리다이빙 교육 안내_10월_쉘 위 프리다이브
41,,,https://blog.naver.com/PostView.naver?blogId=yaesul1205&logNo=221648731307&parentCategoryNo=&categoryNo=&viewDate=&isShowPopularPosts=false&from=postList,프리다이빙 배우기_ 어떻게 배워야 하나요?
42,,,https://blog.naver.com/PostView.naver?blogId=yaesul1205&logNo=221648005861&parentCategoryNo=&categoryNo=&viewDate=&isShowPopularPosts=false&from=postList,프리다이빙 이퀄라이징_ 발살바의 고통
43,,,https://blog.naver.com/PostView.naver?blogId=yaesul1205&logNo=221645812386&parentCategoryNo=&categoryNo=&viewDate=&isShowPopularPosts=false&from=postList,프리다이빙 핀 리뷰- 리더핀 아이스(신형)
44,,,https://blog.naver.com/PostView.naver?blogId=yaesul1205&logNo=221638669573&parentCategoryNo=&categoryNo=&viewDate=&isShowPopularPosts=false&from=postList,"AIDA2 프리다이빙, 수영장 수업 후기_쉘 위 프리다이브"
45,,,https://blog.naver.com/PostView.naver?blogId=yaesul1205&logNo=221636871511&parentCategoryNo=&categoryNo=&viewDate=&isShowPopularPosts=false&from=postList,9월 프리다이빙 강습 일정표_ 쉘 위 프리다이브
46,,,https://blog.naver.com/PostView.naver?blogId=yaesul1205&logNo=221634739404&parentCategoryNo=&categoryNo=&viewDate=&isShowPopularPosts=false&from=postList,프리다이빙 교육 후기 AIDA1 / 성남 잠수풀
47,,,https://blog.naver.com/PostView.naver?blogId=yaesul1205&logNo=221629483026&parentCategoryNo=&categoryNo=&viewDate=&isShowPopularPosts=false&from=postList,k26 프리다이빙 트레이닝 데이!_ 쉘 위 프리다이브
48,,,https://blog.naver.com/PostView.naver?blogId=yaesul1205&logNo=221627315297&parentCategoryNo=&categoryNo=&viewDate=&isShowPopularPosts=false&from=postList,"프리다이빙 체험, 커플취미로 좋아요:)"
49,,,https://blog.naver.com/PostView.naver?blogId=yaesul1205&logNo=221625283193&parentCategoryNo=&categoryNo=&viewDate=&isShowPopularPosts=false&from=postList,9월 프리다이빙 투어_ 제주 물질여행
50,,,https://blog.naver.com/PostView.naver?blogId=yaesul1205&logNo=221618690745&parentCategoryNo=&categoryNo=&viewDate=&isShowPopularPosts=false&from=postList,[제주여행] 제주 프리다이빙 샵-프리다이브 오르카
51,,,https://blog.naver.com/PostView.naver?blogId=yaesul1205&logNo=221602783811&parentCategoryNo=&categoryNo=&viewDate=&isShowPopularPosts=false&from=postList,"성남,안양 프리다이빙 교육/ 8월 교육안내"
52,,,https://blog.naver.com/PostView.naver?blogId=yaesul1205&logNo=221600402559&parentCategoryNo=&categoryNo=&viewDate=&isShowPopularPosts=false&from=postList,프리다이빙 AIDA1교육_ 쉘위프리다이브
53,,,https://blog.naver.com/PostView.naver?blogId=yaesul1205&logNo=221598121588&parentCategoryNo=&categoryNo=&viewDate=&isShowPopularPosts=false&from=postList,프리다이빙 슈트리뷰- 몰차노브 (트레이닝형)
54,,,https://blog.naver.com/PostView.naver?blogId=yaesul1205&logNo=221593572080&parentCategoryNo=&categoryNo=&viewDate=&isShowPopularPosts=false&from=postList,제주 여행일기+ 프리다이빙 트레이닝
55,,,https://blog.naver.com/PostView.naver?blogId=yaesul1205&logNo=221583794693&parentCategoryNo=&categoryNo=&viewDate=&isShowPopularPosts=false&from=postList,제주도에서 프리다이빙을! 쉘프다 제주일정
56,,,https://blog.naver.com/PostView.naver?blogId=yaesul1205&logNo=221575415849&parentCategoryNo=&categoryNo=&viewDate=&isShowPopularPosts=false&from=postList,7월 체험 다이빙 안내!_ 프리다이빙 체험
57,,,https://blog.naver.com/PostView.naver?blogId=yaesul1205&logNo=221569018752&parentCategoryNo=&categoryNo=&viewDate=&isShowPopularPosts=false&from=postList,"인생취미, 프리다이빙 배워보기! 7월 클래스 오픈!"
58,,,https://blog.naver.com/PostView.naver?blogId=yaesul1205&logNo=221561513246&parentCategoryNo=&categoryNo=&viewDate=&isShowPopularPosts=false&from=postList,2019 프리다이빙 여름 투어_ 대만 뤼다오(녹도)
59,,,https://blog.naver.com/PostView.naver?blogId=yaesul1205&logNo=221560402830&parentCategoryNo=&categoryNo=&viewDate=&isShowPopularPosts=false&from=postList,프리다이빙 투어- 오키나와 미야코지마 2탄
60,,,https://blog.naver.com/PostView.naver?blogId=yaesul1205&logNo=221559587567&parentCategoryNo=&categoryNo=&viewDate=&isShowPopularPosts=false&from=postList,프리다이빙 트레이닝 일기_18일간의 세부
61,,,https://blog.naver.com/PostView.naver?blogId=yaesul1205&logNo=221557804714&parentCategoryNo=&categoryNo=&viewDate=&isShowPopularPosts=false&from=postList,[원데이클래스 추천] 여름취미 프리다이빙 배우기
62,,,https://blog.naver.com/PostView.naver?blogId=yaesul1205&logNo=221557469189&parentCategoryNo=&categoryNo=&viewDate=&isShowPopularPosts=false&from=postList,프리다이빙 투어- 오키나와 미야코지마 1탄
63,,,https://blog.naver.com/PostView.naver?blogId=yaesul1205&logNo=221553671526&parentCategoryNo=&categoryNo=&viewDate=&isShowPopularPosts=false&from=postList,프리다이빙 교육 커리큘럼_ AIDA
64,,,https://blog.naver.com/PostView.naver?blogId=yaesul1205&logNo=221550665898&parentCategoryNo=&categoryNo=&viewDate=&isShowPopularPosts=false&from=postList,프리다이빙 장비_ 타메라 웨이트벨트
65,,,https://blog.naver.com/PostView.naver?blogId=yaesul1205&logNo=221545922676&parentCategoryNo=&categoryNo=&viewDate=&isShowPopularPosts=false&from=postList,프리다이빙 어디서 할 수 있나요?_성남종합스포츠센터_ 아쿠아라인
66,,,https://blog.naver.com/PostView.naver?blogId=yaesul1205&logNo=221544059279&parentCategoryNo=&categoryNo=&viewDate=&isShowPopularPosts=false&from=postList,프리다이빙 아이템_ 산소포화도 측정기
67,,,https://blog.naver.com/PostView.naver?blogId=yaesul1205&logNo=221541524716&parentCategoryNo=&categoryNo=&viewDate=&isShowPopularPosts=false&from=postList,프리다이빙 긴장완화_ 이완기술
68,,,https://blog.naver.com/PostView.naver?blogId=yaesul1205&logNo=221540888611&parentCategoryNo=&categoryNo=&viewDate=&isShowPopularPosts=false&from=postList,프리다이빙_ 모알보알로 떠나는 세부여행
69,,,https://blog.naver.com/PostView.naver?blogId=yaesul1205&logNo=221538804791&parentCategoryNo=&categoryNo=&viewDate=&isShowPopularPosts=false&from=postList,프리다이빙 장비_ 몰차노브 랜야드
70,,,https://blog.naver.com/PostView.naver?blogId=yaesul1205&logNo=221538555532&parentCategoryNo=&categoryNo=&viewDate=&isShowPopularPosts=false&from=postList,프리다이빙 이퀄라이징의 원리 눈으로 보기_ 귀내시경 + 귀 해부학
71,,,https://blog.naver.com/PostView.naver?blogId=yaesul1205&logNo=221535736574&parentCategoryNo=&categoryNo=&viewDate=&isShowPopularPosts=false&from=postList,프리다이빙 자격증 취득_ 각 단체별 비교
72,,,https://blog.naver.com/PostView.naver?blogId=yaesul1205&logNo=221535043013&parentCategoryNo=&categoryNo=&viewDate=&isShowPopularPosts=false&from=postList,프리다이빙 Q&A_ 상어가 나타나면 어떻게 하죠?
73,,,https://blog.naver.com/PostView.naver?blogId=yaesul1205&logNo=221524719448&parentCategoryNo=&categoryNo=&viewDate=&isShowPopularPosts=false&from=postList,프리다이빙 Q&A_숨 은 어떻게 쉬어요?
74,,,https://blog.naver.com/PostView.naver?blogId=yaesul1205&logNo=221515024086&parentCategoryNo=&categoryNo=&viewDate=&isShowPopularPosts=false&from=postList,프리다이빙 Q&A _수영 못해도 할 수 있나요?
75,,,https://blog.naver.com/PostView.naver?blogId=yaesul1205&logNo=221515044941&parentCategoryNo=&categoryNo=&viewDate=&isShowPopularPosts=false&from=postList,"[공유] [free-diving]프리다이빙 대회, 카자컵.kajacup, 아이다대회, aida대회"
76,,,https://blog.naver.com/PostView.naver?blogId=yaesul1205&logNo=221512655322&parentCategoryNo=&categoryNo=&viewDate=&isShowPopularPosts=false&from=postList,프리다이빙과 스쿠버다이빙_ 있던 장비 쓰면 안되나요?
77,,,https://blog.naver.com/PostView.naver?blogId=yaesul1205&logNo=221512320098&parentCategoryNo=&categoryNo=&viewDate=&isShowPopularPosts=false&from=postList,프리다이빙이 뭐에요?_ 프리다이빙 입문
78,,,https://blog.naver.com/PostView.naver?blogId=yaesul1205&logNo=221511952935&parentCategoryNo=&categoryNo=&viewDate=&isShowPopularPosts=false&from=postList,프리다이빙 로그북_ 기록 작성하기
79,,,https://blog.naver.com/PostView.naver?blogId=yaesul1205&logNo=221507831041&parentCategoryNo=&categoryNo=&viewDate=&isShowPopularPosts=false&from=postList,세부 막탄 뉴타운 x 프리다이빙_뉴타운 수영장에서 놀기
80,,,https://blog.naver.com/PostView.naver?blogId=yaesul1205&logNo=221503996069&parentCategoryNo=&categoryNo=&viewDate=&isShowPopularPosts=false&from=postList,[프리다이빙 샵] 세부 프리다이브 101
81,,,https://blog.naver.com/PostView.naver?blogId=yaesul1205&logNo=221495268352&parentCategoryNo=&categoryNo=&viewDate=&isShowPopularPosts=false&from=postList,프리다이빙 슈트_ 할로우커스텀 (사용후기)
82,,,https://blog.naver.com/PostView.naver?blogId=yaesul1205&logNo=221492961215&parentCategoryNo=&categoryNo=&viewDate=&isShowPopularPosts=false&from=postList,제작모임_프리다이빙 랜야드 번개
83,,,https://blog.naver.com/PostView.naver?blogId=yaesul1205&logNo=221492368380&parentCategoryNo=&categoryNo=&viewDate=&isShowPopularPosts=false&from=postList,[프리다이빙장비] 어떤거 사야돼요?_3탄
84,,,https://blog.naver.com/PostView.naver?blogId=yaesul1205&logNo=221490600463&parentCategoryNo=&categoryNo=&viewDate=&isShowPopularPosts=false&from=postList,"프리다이빙 STA, 스태틱하기"
85,,,https://blog.naver.com/PostView.naver?blogId=yaesul1205&logNo=221489312998&parentCategoryNo=&categoryNo=&viewDate=&isShowPopularPosts=false&from=postList,프리다이빙 핀_ 몰차노브 바이핀
86,,,https://blog.naver.com/PostView.naver?blogId=yaesul1205&logNo=221487611177&parentCategoryNo=&categoryNo=&viewDate=&isShowPopularPosts=false&from=postList,프리다이빙 모노핀_ 스타핀 후기
87,,,https://blog.naver.com/PostView.naver?blogId=yaesul1205&logNo=221486688099&parentCategoryNo=&categoryNo=&viewDate=&isShowPopularPosts=false&from=postList,부이매너_ 프리다이빙 세이프티
88,,,https://blog.naver.com/PostView.naver?blogId=yaesul1205&logNo=221485851258&parentCategoryNo=&categoryNo=&viewDate=&isShowPopularPosts=false&from=postList,[프리다이빙장비] 어떤거 사야돼요?_2탄
89,,,https://blog.naver.com/PostView.naver?blogId=yaesul1205&logNo=221483576062&parentCategoryNo=&categoryNo=&viewDate=&isShowPopularPosts=false&from=postList,프리다이빙 트레이닝!_ 첫 바다 트레이닝
90,,,https://blog.naver.com/PostView.naver?blogId=yaesul1205&logNo=221478679004&parentCategoryNo=&categoryNo=&viewDate=&isShowPopularPosts=false&from=postList,[프리다이빙장비] 어떤거 사야돼요?_1탄
91,,,https://blog.naver.com/PostView.naver?blogId=yaesul1205&logNo=221477285237&parentCategoryNo=&categoryNo=&viewDate=&isShowPopularPosts=false&from=postList,"[프리다이빙] k26 교육, 트레이닝_소개+후기"
92,,,https://blog.naver.com/PostView.naver?blogId=yaesul1205&logNo=221474638845&parentCategoryNo=&categoryNo=&viewDate=&isShowPopularPosts=false&from=postList,"[프리다이빙소개, 입문_시작하기에 앞서]"
93,,,https://blog.naver.com/PostView.naver?blogId=yaesul1205&logNo=221054514699&parentCategoryNo=&categoryNo=&viewDate=&isShowPopularPosts=false&from=postList,<프리다이빙> 마스크 커스텀 제작기- 색칠하기
