,Link맛집,Title맛집,Link제주,Title제주
0,https://blog.naver.com/PostView.naver?blogId=yaesul1205&logNo=221597907180&parentCategoryNo=&categoryNo=&viewDate=&isShowPopularPosts=false&from=postList,표선 흑돼지 맛집- 유돈촌참숯구이,https://blog.naver.com/PostView.naver?blogId=yaesul1205&logNo=222290262401&parentCategoryNo=&categoryNo=&viewDate=&isShowPopularPosts=false&from=postList,제주 아쿠아플라넷 투어 모집중:)- 4월
1,https://blog.naver.com/PostView.naver?blogId=yaesul1205&logNo=221562272457&parentCategoryNo=&categoryNo=&viewDate=&isShowPopularPosts=false&from=postList,[성남종합운동장 맛집] 고기뜯고 싶을 땐 '온달',https://blog.naver.com/PostView.naver?blogId=yaesul1205&logNo=221896129585&parentCategoryNo=&categoryNo=&viewDate=&isShowPopularPosts=false&from=postList,"제주 여행기록 3편_ 안녕, 제주"
2,https://blog.naver.com/PostView.naver?blogId=yaesul1205&logNo=221560337303&parentCategoryNo=&categoryNo=&viewDate=&isShowPopularPosts=false&from=postList,[평촌 맛집] 마벨리에_안양 뷔페 중 최고!,https://blog.naver.com/PostView.naver?blogId=yaesul1205&logNo=221879930896&parentCategoryNo=&categoryNo=&viewDate=&isShowPopularPosts=false&from=postList,"제주 여행기록 2편_ Keep Calm, and..."
3,https://blog.naver.com/PostView.naver?blogId=yaesul1205&logNo=221548824986&parentCategoryNo=&categoryNo=&viewDate=&isShowPopularPosts=false&from=postList,"[성남 모란 맛집] 모란 닭도리탕 전문점, 맵도리탕!",https://blog.naver.com/PostView.naver?blogId=yaesul1205&logNo=221874764083&parentCategoryNo=&categoryNo=&viewDate=&isShowPopularPosts=false&from=postList,제주 여행기록 1편_ 제주901 힐링타임 원데이클래스
4,https://blog.naver.com/PostView.naver?blogId=yaesul1205&logNo=221546961736&parentCategoryNo=&categoryNo=&viewDate=&isShowPopularPosts=false&from=postList,[모란 맛집] 리미니 모란점- 가성비 좋은 이탈리안 레스토랑,https://blog.naver.com/PostView.naver?blogId=yaesul1205&logNo=221786741892&parentCategoryNo=&categoryNo=&viewDate=&isShowPopularPosts=false&from=postList,겨울바다 프리다이빙 feat. 제주도
5,https://blog.naver.com/PostView.naver?blogId=yaesul1205&logNo=221532549926&parentCategoryNo=&categoryNo=&viewDate=&isShowPopularPosts=false&from=postList,[세부 맛집] 더 크랩,https://blog.naver.com/PostView.naver?blogId=yaesul1205&logNo=221666116477&parentCategoryNo=&categoryNo=&viewDate=&isShowPopularPosts=false&from=postList,프리다이빙 투어_ 쉘프다 제주투어 후기
6,https://blog.naver.com/PostView.naver?blogId=yaesul1205&logNo=221525482259&parentCategoryNo=&categoryNo=&viewDate=&isShowPopularPosts=false&from=postList,[세부 맛집] 골드망고그릴_ 세부여행 식당 추천!,https://blog.naver.com/PostView.naver?blogId=yaesul1205&logNo=221660930762&parentCategoryNo=&categoryNo=&viewDate=&isShowPopularPosts=false&from=postList,[제주카페] 보목마을 '백주산보'
7,https://blog.naver.com/PostView.naver?blogId=yaesul1205&logNo=221523521265&parentCategoryNo=&categoryNo=&viewDate=&isShowPopularPosts=false&from=postList,[세부 맛집] 맛있는 홍분식_분식,https://blog.naver.com/PostView.naver?blogId=yaesul1205&logNo=221625283193&parentCategoryNo=&categoryNo=&viewDate=&isShowPopularPosts=false&from=postList,9월 프리다이빙 투어_ 제주 물질여행
8,https://blog.naver.com/PostView.naver?blogId=yaesul1205&logNo=221519288865&parentCategoryNo=&categoryNo=&viewDate=&isShowPopularPosts=false&from=postList,[평촌맛집] 칼리가리박사의 밀실_ 수제맥주+피자 피맥집!,https://blog.naver.com/PostView.naver?blogId=yaesul1205&logNo=221618690745&parentCategoryNo=&categoryNo=&viewDate=&isShowPopularPosts=false&from=postList,[제주여행] 제주 프리다이빙 샵-프리다이브 오르카
9,https://blog.naver.com/PostView.naver?blogId=yaesul1205&logNo=221514472651&parentCategoryNo=&categoryNo=&viewDate=&isShowPopularPosts=false&from=postList,[판교 맛집] 블루밍가든_ 디저트 플래터,https://blog.naver.com/PostView.naver?blogId=yaesul1205&logNo=221593572080&parentCategoryNo=&categoryNo=&viewDate=&isShowPopularPosts=false&from=postList,제주 여행일기+ 프리다이빙 트레이닝
10,https://blog.naver.com/PostView.naver?blogId=yaesul1205&logNo=221512830757&parentCategoryNo=&categoryNo=&viewDate=&isShowPopularPosts=false&from=postList,[모란역 맛집] 맛고_ 우삼겹이 맛있는 고기집!,https://blog.naver.com/PostView.naver?blogId=yaesul1205&logNo=221583794693&parentCategoryNo=&categoryNo=&viewDate=&isShowPopularPosts=false&from=postList,제주도에서 프리다이빙을! 쉘프다 제주일정
11,https://blog.naver.com/PostView.naver?blogId=yaesul1205&logNo=221511316649&parentCategoryNo=&categoryNo=&viewDate=&isShowPopularPosts=false&from=postList,[태평역 맛집] 임금님 막국수,https://blog.naver.com/PostView.naver?blogId=yaesul1205&logNo=220025353192&parentCategoryNo=&categoryNo=&viewDate=&isShowPopularPosts=false&from=postList,[사당역맛집]고을래 제주흑돼지 전문점
12,https://blog.naver.com/PostView.naver?blogId=yaesul1205&logNo=221510960110&parentCategoryNo=&categoryNo=&viewDate=&isShowPopularPosts=false&from=postList,[청계산맛집] 보양식으로 딱인_청계장수촌,https://blog.naver.com/PostView.naver?blogId=yaesul1205&logNo=80173717936&parentCategoryNo=&categoryNo=&viewDate=&isShowPopularPosts=false&from=postList,[제주]조랑말 체험공원방문기
13,https://blog.naver.com/PostView.naver?blogId=yaesul1205&logNo=221508799233&parentCategoryNo=&categoryNo=&viewDate=&isShowPopularPosts=false&from=postList,[모란맛집] 모란양꼬치_500원 참숯양꼬치,https://blog.naver.com/PostView.naver?blogId=yaesul1205&logNo=80172887101&parentCategoryNo=&categoryNo=&viewDate=&isShowPopularPosts=false&from=postList,제주도 성산일출봉
14,https://blog.naver.com/PostView.naver?blogId=yaesul1205&logNo=221506496845&parentCategoryNo=&categoryNo=&viewDate=&isShowPopularPosts=false&from=postList,[모란역맛집] 면당포_ 든든한 국수 한그릇:),https://blog.naver.com/PostView.naver?blogId=yaesul1205&logNo=80165791329&parentCategoryNo=&categoryNo=&viewDate=&isShowPopularPosts=false&from=postList,[제주여행] 오설록 티뮤지엄_차박물관
15,https://blog.naver.com/PostView.naver?blogId=yaesul1205&logNo=221499105745&parentCategoryNo=&categoryNo=&viewDate=&isShowPopularPosts=false&from=postList,[범계맛집] 샤브샤브 무한리필_ 키친폿,https://blog.naver.com/PostView.naver?blogId=yaesul1205&logNo=80163370564&parentCategoryNo=&categoryNo=&viewDate=&isShowPopularPosts=false&from=postList,[제주]메밀촌
16,https://blog.naver.com/PostView.naver?blogId=yaesul1205&logNo=221495957537&parentCategoryNo=&categoryNo=&viewDate=&isShowPopularPosts=false&from=postList,[모란 맛집] 대박낙소_ 소고기 무한리필!,https://blog.naver.com/PostView.naver?blogId=yaesul1205&logNo=80155424074&parentCategoryNo=&categoryNo=&viewDate=&isShowPopularPosts=false&from=postList,[제주]루시타노목장
17,https://blog.naver.com/PostView.naver?blogId=yaesul1205&logNo=221494844803&parentCategoryNo=&categoryNo=&viewDate=&isShowPopularPosts=false&from=postList,[판교 맛집] 인디테이블_아브뉴프랑,https://blog.naver.com/PostView.naver?blogId=yaesul1205&logNo=80155224138&parentCategoryNo=&categoryNo=&viewDate=&isShowPopularPosts=false&from=postList,제주도 갔다왔어요~간단한 제주도 후기
18,https://blog.naver.com/PostView.naver?blogId=yaesul1205&logNo=221472389576&parentCategoryNo=&categoryNo=&viewDate=&isShowPopularPosts=false&from=postList,[가평맛집]헤븐지버거,https://blog.naver.com/PostView.naver?blogId=yaesul1205&logNo=80149625629&parentCategoryNo=&categoryNo=&viewDate=&isShowPopularPosts=false&from=postList,KRA 명예기자단~ 제주방문기☆통합편
19,https://blog.naver.com/PostView.naver?blogId=yaesul1205&logNo=221052548838&parentCategoryNo=&categoryNo=&viewDate=&isShowPopularPosts=false&from=postList,[연남동맛집]다엔조,https://blog.naver.com/PostView.naver?blogId=yaesul1205&logNo=80145845005&parentCategoryNo=&categoryNo=&viewDate=&isShowPopularPosts=false&from=postList,"제주도여행, 더馬파크의 '칭기즈칸의 검은깃발'"
20,https://blog.naver.com/PostView.naver?blogId=yaesul1205&logNo=220087390276&parentCategoryNo=&categoryNo=&viewDate=&isShowPopularPosts=false&from=postList,[방이동/석촌호수맛집] 이자카야 '타마고',https://blog.naver.com/PostView.naver?blogId=yaesul1205&logNo=80145305428&parentCategoryNo=&categoryNo=&viewDate=&isShowPopularPosts=false&from=postList,[제주] 제주경마공원~ 제주도의 경마문화~
21,https://blog.naver.com/PostView.naver?blogId=yaesul1205&logNo=220025353192&parentCategoryNo=&categoryNo=&viewDate=&isShowPopularPosts=false&from=postList,[사당역맛집]고을래 제주흑돼지 전문점,https://blog.naver.com/PostView.naver?blogId=yaesul1205&logNo=80144111001&parentCategoryNo=&categoryNo=&viewDate=&isShowPopularPosts=false&from=postList,제주도 다녀왔습니다
22,https://blog.naver.com/PostView.naver?blogId=yaesul1205&logNo=220018981239&parentCategoryNo=&categoryNo=&viewDate=&isShowPopularPosts=false&from=postList,[신림역맛집]희전-샤브샤브 맛집,,
23,https://blog.naver.com/PostView.naver?blogId=yaesul1205&logNo=80187255815&parentCategoryNo=&categoryNo=&viewDate=&isShowPopularPosts=false&from=postList,[인덕원맛집] 대청 매운 소갈비,,
24,https://blog.naver.com/PostView.naver?blogId=yaesul1205&logNo=80165256335&parentCategoryNo=&categoryNo=&viewDate=&isShowPopularPosts=false&from=postList,[속초/설악맛집]가보오 토종닭,,
25,https://blog.naver.com/PostView.naver?blogId=yaesul1205&logNo=80161397634&parentCategoryNo=&categoryNo=&viewDate=&isShowPopularPosts=false&from=postList,[일본카레맛집] 아비꼬- 프랜차이즈 일본카레집,,
26,https://blog.naver.com/PostView.naver?blogId=yaesul1205&logNo=80161074897&parentCategoryNo=&categoryNo=&viewDate=&isShowPopularPosts=false&from=postList,[충무로맛집]휴우_엔조이키친,,
27,https://blog.naver.com/PostView.naver?blogId=yaesul1205&logNo=80160406349&parentCategoryNo=&categoryNo=&viewDate=&isShowPopularPosts=false&from=postList,[홍대맛집]인도음식점 웃사브,,
28,https://blog.naver.com/PostView.naver?blogId=yaesul1205&logNo=80159775967&parentCategoryNo=&categoryNo=&viewDate=&isShowPopularPosts=false&from=postList,[범계맛집]에이프릴마켓 in 평촌 롯데백화점,,
29,https://blog.naver.com/PostView.naver?blogId=yaesul1205&logNo=80159676872&parentCategoryNo=&categoryNo=&viewDate=&isShowPopularPosts=false&from=postList,[안양맛집] 양.대창구이 오발탄,,
30,https://blog.naver.com/PostView.naver?blogId=yaesul1205&logNo=80157558617&parentCategoryNo=&categoryNo=&viewDate=&isShowPopularPosts=false&from=postList,[백운호수맛집] 라붐- LABOOM,,
31,https://blog.naver.com/PostView.naver?blogId=yaesul1205&logNo=80156209406&parentCategoryNo=&categoryNo=&viewDate=&isShowPopularPosts=false&from=postList,[성신여대맛집] 화로연~ 정갈하고 맛난 고기집,,
